OrderID,CustomerID,CustomerName,Gender,Age,ProductID,ProductName,Category,Quantity,Price,Total,OrderDate,City
O10000,C4863,Tanya Wilcox,Female,54.0,P005,T-shirt,Clothing,4.0,15.0,60.0,2025-02-21,
O10001,C9185,Robin Adams,male,30.0,P009,Backpack,Accessories,4.0,35.0,140.0,2025-04-11,
O10002,C3676,Lindsay Carney,Fmale,,P003,Yoga Mat,Sports,,20.0,,2025-01-11,
O10003,C5222,Alyssa Cherry,Fmale,48.0,P001,Wireless Mouse,Electronics,2.0,25.99,51.98,2025-01-02,
O10004,C9821,Maria Miller,male,,P006,Water Bottle,Sports,1.0,12.0,12.0,2025-02-17,
O10005,C8598,Melissa Reeves,Fmale,,P003,Yoga Mat,Sports,3.0,20.0,60.0,2025-04-04,
O10006,C5773,Justin Williams,Fmale,,P003,Yoga Mat,Sports,2.0,20.0,40.0,2025-05-17,Fitzgeraldview
O10007,C3741,Teresa Coffey DDS,male,,P005,T-shirt,Clothing,5.0,15.0,75.0,2025-04-12,
O10008,C4450,James Wood,Female,64.0,P003,Yoga Mat,Sports,1.0,20.0,20.0,2025-05-10,
O10025,C2363,Tara Humphrey,Male,24.0,P003,Yoga Mat,Sports,4.0,20.0,80.0,2024-12-13,
O10010,C3071,Bruce Williams,Female,,P002,Bluetooth Headphones,Electronics,3.0,59.99,179.97,2024-12-12,
O10011,C8654,Tammy Campbell,Female,19.0,P003,Yoga Mat,Sports,5.0,20.0,100.0,2025-05-07,
O10012,C8126,Jessica Martin,male,26.0,P009,Backpack,Accessories,3.0,35.0,105.0,2025-04-10,
O10013,C7753,Tammy Fields,Fmale,,P009,Backpack,Accessories,,35.0,,2025-02-11,
O10014,C8687,John Martin,Fmale,18.0,P005,T-shirt,Clothing,2.0,15.0,30.0,2025-02-16,
O10015,C1118,Herbert Fletcher,male,,P009,Backpack,Accessories,1.0,35.0,35.0,2025-02-20,Wilsonfort
O10016,C7199,Brandon Oneill,Female,,P009,Backpack,Accessories,3.0,35.0,105.0,2024-12-23,
O10017,C5454,Steven Willis,Male,45.0,P004,Notebook,Books,3.0,7.5,22.5,2025-03-11,
O10018,C8418,Billy Tate,Fmale,44.0,P005,T-shirt,Clothing,,15.0,,2025-03-29,New Katieburgh
O10019,C2675,Kevin Bean,male,,P005,T-shirt,Clothing,,15.0,,2025-04-29,West Anthonyville
O10020,C6601,Michael Castillo,Female,,P005,T-shirt,Clothing,31.0,15.0,465.0,2025-03-20,
O10021,C3393,Andrew Dean,male,,P007,USB Cable,Electronics,3.0,5.99,17.97,2025-02-13,
O10022,C1206,Scott Solis,male,,P001,Wireless Mouse,Electronics,3.0,25.99,77.97,2025-01-11,Staceyshire
O10029,C2539,Lindsey Davis,Female,,P002,Bluetooth Headphones,Electronics,,59.99,,2025-01-06,Laurenland
O10024,C1691,Ann Phelps,Female,,P009,Backpack,Accessories,,35.0,,2024-12-19,
O10025,C4568,Tiffany Moore,Male,,P009,Backpack,Accessories,5.0,35.0,175.0,2025-01-14,
O10026,C4982,Lindsey Howard,male,38.0,P002,Bluetooth Headphones,Electronics,2.0,59.99,119.98,2024-12-06,Owenport
O10027,C6544,James Adams,male,62.0,P001,Wireless Mouse,Electronics,1.0,25.99,25.99,2025-03-14,
O10028,C6189,Lisa Hamilton,Fmale,59.0,P001,Wireless Mouse,Electronics,1.0,25.99,25.99,2025-02-08,
O10029,C1646,Maria Reeves,Fmale,46.0,P009,Backpack,Accessories,,35.0,,2025-05-17,North Williammouth
O10030,C6696,John Miller,male,,P008,Desk Lamp,Home,,18.5,,2025-04-22,
O10031,C9873,Elizabeth Wright,male,35.0,P006,Water Bottle,Sports,,12.0,,2025-02-09,Evansberg
O10023,C4912,Andrew Rodriguez,Male,,P006,Water Bottle,Sports,4.0,12.0,48.0,2025-02-08,
O10033,C5638,Heather Richards,Male,,P006,Water Bottle,Sports,,12.0,,2025-04-16,Davisshire
O10008,C1512,Clarence Long,Fmale,25.0,P006,Water Bottle,Sports,4.0,12.0,48.0,2024-12-04,
O10035,C9615,Nathaniel Todd,male,30.0,P004,Notebook,Books,1.0,7.5,7.5,2025-02-13,Mcdowellport
O10036,C4419,Blake Hendrix,Fmale,,P010,Pen Set,Books,,3.25,,2025-01-07,Matthewburgh
O10037,C7046,Adam Rios,male,58.0,P008,Desk Lamp,Home,1.0,18.5,18.5,2025-02-15,
O10038,C9511,Robert Jensen,Fmale,51.0,P001,Wireless Mouse,Electronics,5.0,25.99,129.95,2025-04-01,
O10039,C3931,Adrian Rodriguez,Female,,P002,Bluetooth Headphones,Electronics,1.0,59.99,59.99,2024-11-21,Ballardland
O10040,C7997,Mr. David Wilkinson,male,65.0,P009,Backpack,Accessories,,35.0,,2025-05-03,
O10041,C8258,John Johnson,Female,,P002,Bluetooth Headphones,Electronics,2.0,59.99,119.98,2024-12-20,
O10042,C9939,Kaitlyn Heath,Fmale,,P006,Water Bottle,Sports,3.0,12.0,36.0,2025-03-11,
O10002,C1267,Jenna Cook,Fmale,,P004,Notebook,Books,4.0,7.5,30.0,2024-12-07,
O10044,C5521,Linda Spencer,Fmale,,P009,Backpack,Accessories,2.0,35.0,70.0,2025-01-13,Pettyfort
O10045,C5093,Lisa Gregory,Female,24.0,P009,Backpack,Accessories,5.0,35.0,175.0,2025-04-25,
O10046,C8905,Jennifer Stewart,Fmale,,P004,Notebook,Books,3.0,7.5,22.5,2024-11-30,
O10047,C1916,Audrey Dean,Male,,P003,Yoga Mat,Sports,4.0,20.0,80.0,2025-03-23,Patriciachester
O10048,C7266,Dwayne Lee,male,44.0,P006,Water Bottle,Sports,3.0,12.0,36.0,2025-01-23,Shanechester
O10049,C7436,Melinda Dorsey,Male,38.0,P001,Wireless Mouse,Electronics,3.0,25.99,77.97,2025-05-02,
O10050,C8796,Jeanette Butler,Male,,P008,Desk Lamp,Home,5.0,18.5,92.5,2025-05-19,
O10051,C3136,Diane Curry,Male,,P010,Pen Set,Books,,3.25,,2025-03-27,
O10052,C9589,Johnathan Leon,Female,,P003,Yoga Mat,Sports,4.0,20.0,80.0,2025-02-21,
O10053,C7776,Albert Ibarra,Male,,P004,Notebook,Books,2.0,7.5,15.0,2025-01-26,
O10019,C6729,Amanda Brown,Fmale,,P007,USB Cable,Electronics,3.0,5.99,17.97,2025-02-09,
O10055,C2405,David Peterson,Female,46.0,P010,Pen Set,Books,4.0,3.25,13.0,2025-01-25,New Jeremyside
O10056,C8373,Sarah Russo,Male,33.0,P002,Bluetooth Headphones,Electronics,,59.99,,2025-03-15,
O10057,C3315,Tonya Campos,Fmale,31.0,P008,Desk Lamp,Home,1.0,18.5,18.5,2024-12-08,Lake Brentmouth
O10058,C1869,Mark Pitts,Male,34.0,P001,Wireless Mouse,Electronics,4.0,25.99,103.96,2025-05-13,Port Annahaven
O10059,C2767,Pamela Jimenez,Male,,P008,Desk Lamp,Home,,18.5,,2025-05-06,
O10060,C9709,Barbara Harris,male,,P001,Wireless Mouse,Electronics,3.0,25.99,77.97,2025-02-06,
O10015,C5995,Jonathan Miller,Female,,P002,Bluetooth Headphones,Electronics,2.0,59.99,119.98,2025-01-29,
O10062,C4869,Paul Fisher,male,65.0,P006,Water Bottle,Sports,4.0,12.0,48.0,2025-01-01,Wardbury
O10063,C5590,Stephanie Crane,Male,,P009,Backpack,Accessories,3.0,35.0,105.0,2025-02-26,
O10064,C4726,Adam Drake,Fmale,43.0,P004,Notebook,Books,2.0,7.5,15.0,2024-12-01,Sherrymouth
O10065,C3270,James Johnson,Female,,P007,USB Cable,Electronics,2.0,5.99,11.98,2025-05-16,
O10066,C3378,Michelle Guerrero,Female,,P010,Pen Set,Books,5.0,3.25,16.25,2025-02-26,
O10067,C6221,Mikayla Edwards,Fmale,22.0,P010,Pen Set,Books,2.0,3.25,6.5,2025-01-23,Robertside
O10068,C5372,Bridget Powell,Fmale,,P007,USB Cable,Electronics,4.0,5.99,23.96,2025-03-23,Port Joshuahaven
O10069,C8808,Jessica Reed,Female,56.0,P010,Pen Set,Books,5.0,3.25,16.25,2025-04-24,New Claudia
O10070,C4166,Joshua Price,male,,P003,Yoga Mat,Sports,5.0,20.0,100.0,2025-04-06,Roweport
O10071,C4351,Brandon Arnold,male,,P004,Notebook,Books,1.0,7.5,7.5,2025-02-27,
O10072,C7633,Steve Fernandez,male,,P002,Bluetooth Headphones,Electronics,2.0,59.99,119.98,2025-01-07,
O10073,C9605,Victoria Rodriguez,male,,P001,Wireless Mouse,Electronics,5.0,25.99,129.95,2024-11-29,
O10074,C1643,Anthony Curtis,Male,,P001,Wireless Mouse,Electronics,5.0,25.99,129.95,2024-12-12,Jordanhaven
O10075,C8558,William Trujillo,Male,,P009,Backpack,Accessories,4.0,35.0,140.0,2025-03-10,
O10076,C8400,Robin Armstrong,Fmale,57.0,P003,Yoga Mat,Sports,4.0,20.0,80.0,2024-12-15,
O10077,C4308,Jose Lee,Male,29.0,P002,Bluetooth Headphones,Electronics,,59.99,,2025-04-18,
O10078,C6946,Sandra Miller,Fmale,38.0,P008,Desk Lamp,Home,1.0,18.5,18.5,2024-11-30,
O10010,C3459,Blake Rhodes,male,64.0,P002,Bluetooth Headphones,Electronics,5.0,59.99,299.95,2025-02-04,
O10080,C5731,Mr. Jeremiah Galvan MD,Female,63.0,P003,Yoga Mat,Sports,2.0,20.0,40.0,2025-02-06,
O10031,C9904,Mr. Walter Palmer,Female,30.0,P003,Yoga Mat,Sports,1.0,20.0,20.0,2025-02-28,
O10082,C1107,Christopher Hansen,male,33.0,P001,Wireless Mouse,Electronics,5.0,25.99,129.95,2025-05-15,
O10083,C3381,Kenneth Williams,Fmale,57.0,P004,Notebook,Books,5.0,7.5,37.5,2024-12-17,New Melissaville
O10084,C5659,John Moody,Fmale,39.0,P001,Wireless Mouse,Electronics,,25.99,,2024-12-15,West Kevinstad
O10085,C7208,Cindy Fuentes,Female,,P010,Pen Set,Books,,3.25,,2025-02-20,Williamsport
O10086,C7779,Jennifer Berry,Male,,P002,Bluetooth Headphones,Electronics,4.0,59.99,239.96,2025-03-07,North Amyland
O10087,C2436,Nathan Obrien,Female,57.0,P009,Backpack,Accessories,2.0,35.0,70.0,2025-04-14,Mcculloughfurt
O10088,C3125,Mary Hernandez,Fmale,,P008,Desk Lamp,Home,,18.5,,2025-04-08,
O10089,C5759,Steven Morgan,male,,P010,Pen Set,Books,5.0,3.25,16.25,2024-11-26,
O10090,C7793,Michelle Armstrong,Male,,P004,Notebook,Books,1.0,7.5,7.5,2025-04-21,
O10091,C2111,Angela Friedman,Fmale,40.0,P007,USB Cable,Electronics,1.0,5.99,5.99,2025-03-03,Annville
O10092,C1477,Alicia Barrett,Fmale,18.0,P005,T-shirt,Clothing,3.0,15.0,45.0,2025-03-01,
O10093,C8546,Ronald Combs,Fmale,,P003,Yoga Mat,Sports,2.0,20.0,40.0,2025-03-10,
O10094,C9779,Jennifer Williams,male,44.0,P009,Backpack,Accessories,3.0,35.0,105.0,2025-05-04,
O10024,C3719,Joseph Reyes,Fmale,40.0,P001,Wireless Mouse,Electronics,2.0,25.99,51.98,2024-12-05,West Samuelchester
O10096,C7780,David Davis,male,29.0,P010,Pen Set,Books,5.0,3.25,16.25,2025-01-16,
O10097,C1612,Erika Johnson,Female,,P002,Bluetooth Headphones,Electronics,4.0,59.99,239.96,2024-11-29,
O10098,C8921,Steven Scott,male,50.0,P004,Notebook,Books,1.0,7.5,7.5,2025-05-19,
O10099,C8526,Jordan Gordon,Fmale,27.0,P009,Backpack,Accessories,3.0,35.0,105.0,2024-12-10,
O10100,C8649,Ana Johnson,Male,,P007,USB Cable,Electronics,,5.99,,2025-03-21,Brucemouth
O10101,C5532,Megan Sanchez,Fmale,,P001,Wireless Mouse,Electronics,1.0,25.99,25.99,2025-03-05,
O10102,C9422,Ryan Mason,male,60.0,P009,Backpack,Accessories,3.0,$35.0,105.0,2025-04-19,
O10103,C5011,David Cisneros,Fmale,,P002,Bluetooth Headphones,Electronics,2.0,59.99,119.98,2025-05-13,
O10104,C1826,Lisa Delgado,Fmale,,P003,Yoga Mat,Sports,1.0,20.0,20.0,2024-12-20,
O10105,C8304,David Frazier,Male,,P002,Bluetooth Headphones,Electronics,4.0,59.99,239.96,2025-01-25,
O10106,C8629,Christopher Ferguson,Fmale,39.0,P010,Pen Set,Books,3.0,3.25,9.75,2024-12-01,
O10107,C8625,Molly Lutz,Male,,P010,Pen Set,Books,2.0,3.25,6.5,2025-05-07,Christopherville
O10108,C6320,Emily Fleming,Female,,P008,Desk Lamp,Home,2.0,18.5,37.0,2025-01-23,
O10109,C6711,Matthew Morris,Male,,P008,Desk Lamp,Home,4.0,18.5,74.0,2024-12-28,Tiffanymouth
O10110,C2162,Michael Lucas,Female,50.0,P010,Pen Set,Books,5.0,3.25,16.25,2024-11-18,
O10111,C7288,Jennifer Woodard,male,,P005,T-shirt,Clothing,5.0,15.0,75.0,2025-04-03,Smithtown
O10112,C3835,Shawn Curtis,Female,,P002,Bluetooth Headphones,Electronics,3.0,59.99,179.97,2025-03-02,
O10113,C7648,Heather Hess,male,,P002,Bluetooth Headphones,Electronics,,59.99,,2025-04-27,
O10114,C3276,Jacob Lee,Male,,P002,Bluetooth Headphones,Electronics,5.0,59.99,299.95,2024-11-19,
O10115,C4205,Thomas Howard,Male,27.0,P010,Pen Set,Books,,3.25,,2024-12-05,
O10116,C1133,Johnny Cox,Fmale,,P004,Notebook,Books,,7.5,,2025-01-11,
O10117,C6885,William Little,male,,P010,Pen Set,Books,5.0,3.25,16.25,2024-12-09,Conwayborough
O10118,C7652,Cory Rodgers,Male,,P002,Bluetooth Headphones,Electronics,3.0,59.99,179.97,2025-03-28,
O10119,C6902,Bethany Mahoney,Female,60.0,P007,USB Cable,Electronics,4.0,5.99,23.96,2025-05-03,
O10120,C8974,Ryan Johnson,Fmale,60.0,P007,USB Cable,Electronics,2.0,5.99,11.98,2025-04-01,New Jessica
O10121,C3945,Jeffery Nunez,Male,,P007,USB Cable,Electronics,2.0,5.99,11.98,2025-03-24,
O10122,C9161,Jennifer Martinez,male,,P008,Desk Lamp,Home,5.0,18.5,92.5,2025-02-26,
O10123,C2854,Stacey Walker,Fmale,,P004,Notebook,Books,,7.5,,2025-01-10,Simpsonhaven
O10124,C5017,Cory Miller,Male,,P010,Pen Set,Books,4.0,3.25,13.0,2025-03-09,
O10125,C8681,Sylvia Gonzalez,Male,,P008,Desk Lamp,Home,,18.5,,2025-01-20,
O10126,C3744,Jeffrey Johnson,male,,P008,Desk Lamp,Home,5.0,18.5,92.5,2025-04-21,
O10127,C5780,David Peterson,Fmale,,P001,Wireless Mouse,Electronics,,25.99,,2024-11-28,Marybury
O10128,C3171,Patricia Harvey,Fmale,49.0,P010,Pen Set,Books,1.0,3.25,3.25,2025-04-15,Aprilbury
O10129,C3476,Antonio Johnson,Fmale,34.0,P010,Pen Set,Books,3.0,3.25,9.75,2025-01-17,
O10130,C2382,Leslie Reynolds,Female,34.0,P008,Desk Lamp,Home,3.0,18.5,55.5,2024-12-07,
O10131,C4454,Luis Jenkins,Female,,P003,Yoga Mat,Sports,5.0,20.0,100.0,2025-05-04,
O10132,C8803,Lisa Morgan,Fmale,,P010,Pen Set,Books,,3.25,,2025-05-19,South Patrickchester
O10133,C5731,Brian Larson,male,,P009,Backpack,Accessories,2.0,35.0,70.0,2024-12-01,
O10134,C8074,Heather Olson,Fmale,51.0,P008,Desk Lamp,Home,4.0,18.5,74.0,2025-03-18,New David
O10135,C8554,Amy Collins,Fmale,,P010,Pen Set,Books,,3.25,,2025-02-10,
O10136,C1138,Brittany Parker,Female,,P004,Notebook,Books,,7.5,,2025-01-23,
O10137,C4163,Mary Thomas,male,24.0,P002,Bluetooth Headphones,Electronics,1.0,59.99,59.99,2025-01-03,
O10138,C3128,Christina Jones,Male,21.0,P001,Wireless Mouse,Electronics,1.0,25.99,25.99,2024-12-24,
O10139,C8429,Erin Lane,Female,25.0,P007,USB Cable,Electronics,,5.99,,2025-01-22,
O10140,C1984,Shawn Lozano,Fmale,34.0,P005,T-shirt,Clothing,4.0,15.0,60.0,2025-02-22,Robertburgh
O10141,C9061,Julie Lewis,Female,46.0,P005,T-shirt,Clothing,3.0,15.0,45.0,2025-02-19,
O10142,C5105,Clinton Fritz,male,31.0,P002,Bluetooth Headphones,Electronics,2.0,59.99,119.98,2025-01-27,
O10143,C7411,Dylan Lee,male,27.0,P008,Desk Lamp,Home,1.0,18.5,18.5,2025-03-11,North Michaelside
O10144,C9849,Duane Robinson,male,,P010,Pen Set,Books,1.0,3.25,3.25,2025-01-07,
O10145,C5961,Craig Thompson,male,,P004,Notebook,Books,1.0,7.5,7.5,2025-01-07,West Melanie
O10146,C4327,Richard Rodriguez,Male,,P007,USB Cable,Electronics,1.0,5.99,5.99,2025-05-18,North Marieberg
O10147,C6886,Jaime Jackson,Male,42.0,P003,Yoga Mat,Sports,5.0,20.0,100.0,2025-02-28,
O10037,C7369,Stephen Anderson,male,65.0,P008,Desk Lamp,Home,1.0,18.5,18.5,2024-12-24,Johnsland
O10149,C1701,Kyle Rowland,Fmale,,P002,Bluetooth Headphones,Electronics,5.0,59.99,299.95,2025-01-04,New Nicholas
O10150,C4817,Elizabeth Hernandez,Female,,P007,USB Cable,Electronics,1.0,5.99,5.99,2025-01-04,
O10151,C3138,Tracy Blackwell,Female,49.0,P002,Bluetooth Headphones,Electronics,1.0,59.99,59.99,2024-12-28,
O10152,C2742,James Khan,Male,37.0,P001,Wireless Mouse,Electronics,2.0,25.99,51.98,2025-04-12,
O10153,C7586,Micheal Fox,Female,22.0,P002,Bluetooth Headphones,Electronics,4.0,59.99,239.96,2025-02-19,
O10154,C3314,Thomas Silva,Female,38.0,P006,Water Bottle,Sports,1.0,12.0,12.0,2024-11-25,Wellsshire
O10155,C7162,David Robinson,Fmale,53.0,P007,USB Cable,Electronics,2.0,5.99,11.98,2025-02-08,
O10156,C5648,Bradley Walton,male,23.0,P003,Yoga Mat,Sports,1.0,20.0,20.0,2025-01-14,Duncanstad
O10157,C4919,Julie Oliver,male,62.0,P007,USB Cable,Electronics,,5.99,,2025-02-08,Stonebury
O10158,C5934,Jonathan Nelson,Male,56.0,P003,Yoga Mat,Sports,5.0,20.0,100.0,2024-11-22,
O10159,C6929,Heather Miller,Male,53.0,P006,Water Bottle,Sports,4.0,12.0,48.0,2025-04-30,South Jesus
O10160,C8772,Benjamin Johnson,Female,47.0,P009,Backpack,Accessories,5.0,35.0,175.0,2024-12-26,
O10161,C6477,Patrick Mack,Female,60.0,P008,Desk Lamp,Home,2.0,18.5,37.0,2025-05-01,Jamesmouth
O10162,C2901,Dr. Nancy Gaines MD,Male,24.0,P010,Pen Set,Books,4.0,3.25,13.0,2025-01-15,
O10163,C2804,Samantha Todd,male,,P002,Bluetooth Headphones,Electronics,2.0,59.99,119.98,2024-11-20,
O10164,C8936,Crystal Cummings,Male,,P006,Water Bottle,Sports,2.0,12.0,24.0,2024-12-28,Valdezberg
O10165,C6875,Nina Sharp,Female,,P001,Wireless Mouse,Electronics,4.0,25.99,103.96,2025-02-15,Hallshire
O10166,C8627,Jessica Mcmahon,Fmale,26.0,P005,T-shirt,Clothing,2.0,15.0,30.0,2025-02-07,
O10167,C3784,Jade Ray,Female,39.0,P008,Desk Lamp,Home,4.0,18.5,74.0,2024-12-12,
O10168,C8581,Mr. Henry Perez MD,Female,,P010,Pen Set,Books,5.0,3.25,16.25,2025-04-13,
O10169,C3440,Kevin Bradley,male,65.0,P005,T-shirt,Clothing,1.0,15.0,15.0,2024-11-24,Farmerside
O10170,C7460,Laura Lloyd DVM,male,20.0,P010,Pen Set,Books,1.0,3.25,3.25,2025-03-09,
O10171,C7662,Amy Hughes,Male,,P008,Desk Lamp,Home,,18.5,,2025-02-18,Bairdborough
O10042,C8524,Elizabeth Jackson,Fmale,36.0,P004,Notebook,Books,2.0,7.5,15.0,2025-03-29,
O10173,C7068,Alyssa Gonzalez,Male,,P010,Pen Set,Books,,3.25,,2025-05-13,North Margaret
O10174,C7977,Joseph Gibson,Male,58.0,P008,Desk Lamp,Home,,18.5,,2025-01-28,
O10175,C6963,William Anderson,Female,61.0,P005,T-shirt,Clothing,,15.0,,2025-02-07,
O10176,C2097,Sharon Anderson,male,,P001,Wireless Mouse,Electronics,1.0,25.99,25.99,2024-12-27,
O10177,C4437,Kenneth Collins,Female,,P009,Backpack,Accessories,,35.0,,2024-12-27,Ryanfort
O10178,C9215,Jill Summers DDS,Fmale,,P004,Notebook,Books,3.0,7.5,22.5,2025-01-04,
O10179,C2075,Kenneth Mclaughlin,male,,P009,Backpack,Accessories,1.0,35.0,35.0,2025-01-12,
O10180,C5521,Rodney Horn,Male,,P004,Notebook,Books,4.0,7.5,30.0,2025-02-06,Reedport
O10181,C9870,Judith Bartlett,Female,49.0,P002,Bluetooth Headphones,Electronics,,59.99,,2024-12-23,East Rachel
O10182,C4806,Seth Hill,Fmale,,P003,Yoga Mat,Sports,4.0,20.0,80.0,2025-03-19,
O10183,C9686,Miranda Robinson,Fmale,,P009,Backpack,Accessories,,35.0,,2025-02-21,
O10184,C5720,Jacob Campos,male,37.0,P009,Backpack,Accessories,4.0,35.0,140.0,2025-02-23,
O10185,C3986,Jonathan Murray,Fmale,,P001,Wireless Mouse,Electronics,2.0,25.99,51.98,2024-12-02,Robertburgh
O10186,C5266,Jennifer Smith,Female,28.0,P003,Yoga Mat,Sports,,20.0,,2024-12-10,Jamesfurt
O10187,C9845,Joel Miller,Female,53.0,P006,Water Bottle,Sports,2.0,12.0,24.0,2025-03-25,
O10188,C6246,Robert Skinner,Fmale,25.0,P003,Yoga Mat,Sports,5.0,20.0,100.0,2024-12-21,
O10189,C3409,Patrick Jackson,Fmale,,P003,Yoga Mat,Sports,1.0,20.0,20.0,2025-03-28,
O10043,C6047,Daniel Johnson,male,39.0,P010,Pen Set,Books,,3.25,,2025-03-29,
O10191,C9625,Robin Davidson,Female,,P001,Wireless Mouse,Electronics,4.0,25.99,103.96,2025-04-06,South Heather
O10192,C9385,Aaron Barton,Female,19.0,P004,Notebook,Books,3.0,7.5,22.5,2025-04-15,
O10193,C7056,Brandon Fisher,male,38.0,P007,USB Cable,Electronics,2.0,5.99,11.98,2024-11-20,
O10194,C4533,Stephen Robles,Male,,P007,USB Cable,Electronics,3.0,5.99,17.97,2025-04-28,
O10195,C7786,Brian Murphy,male,,P008,Desk Lamp,Home,,18.5,,2025-03-07,Lake Gary
O10196,C2083,Teresa Martinez,Male,27.0,P003,Yoga Mat,Sports,5.0,20.0,100.0,2024-12-29,
O10197,C3243,Eugene Price,Male,,P010,Pen Set,Books,4.0,3.25,13.0,2025-02-15,
O10198,C9095,Marcus Williams,male,,P004,Notebook,Books,2.0,7.5,15.0,2025-05-08,North Diane
O10199,C8742,Victoria Garcia,male,32.0,P009,Backpack,Accessories,,35.0,,2025-03-02,South Kevin
O10200,C5541,Vicki Horton,Fmale,44.0,P002,Bluetooth Headphones,Electronics,,59.99,,2025-03-29,
O10201,C2959,Melissa Spence,Fmale,,P008,Desk Lamp,Home,1.0,18.5,18.5,2025-03-27,
O10202,C3219,Lauren Reyes,Male,34.0,P006,Water Bottle,Sports,5.0,12.0,60.0,2025-03-22,
O10203,C5778,Crystal Jensen DVM,Male,,P006,Water Bottle,Sports,2.0,12.0,24.0,2025-01-16,
O10204,C9908,Bobby Taylor,Male,50.0,P009,Backpack,Accessories,,35.0,,2025-02-22,
O10205,C3243,Andrew Mclean,Fmale,,P006,Water Bottle,Sports,3.0,12.0,36.0,2025-03-14,Jamesfurt
O10206,C9247,Evan Buchanan,Fmale,,P009,Backpack,Accessories,3.0,35.0,105.0,2024-11-25,
O10207,C6705,Crystal Quinn,Male,,P004,Notebook,Books,2.0,$7.5,15.0,2025-01-23,Wongport
O10208,C5991,Mary Wright,Fmale,,P005,T-shirt,Clothing,,15.0,,2025-03-31,
O10209,C3133,Catherine Soto,Male,32.0,P001,Wireless Mouse,Electronics,,25.99,,2024-11-30,
O10006,C9412,Willie Mays,Male,22.0,P002,Bluetooth Headphones,Electronics,4.0,59.99,239.96,2024-12-12,
O10211,C3028,Blake Hardy,male,,P010,Pen Set,Books,1.0,3.25,3.25,2025-01-17,East Brittanyborough
O10212,C6698,Larry Turner,Female,,P010,Pen Set,Books,2.0,3.25,6.5,2025-03-09,Lake James
O10213,C4138,Richard Miller,Female,50.0,P006,Water Bottle,Sports,2.0,12.0,24.0,2025-01-26,Faulknerborough
O10214,C4033,Jonathan Moss,Male,64.0,P005,T-shirt,Clothing,2.0,15.0,30.0,2025-04-14,Grayfort
O10215,C6149,Dr. Jeffery Miller,Male,,P008,Desk Lamp,Home,,18.5,,2025-05-13,
O10216,C1665,Casey James,Male,51.0,P002,Bluetooth Headphones,Electronics,4.0,59.99,239.96,2025-01-16,
O10217,C8273,Andrea Taylor,male,,P002,Bluetooth Headphones,Electronics,3.0,59.99,179.97,2025-02-17,
O10218,C7020,Scott Cross,male,,P004,Notebook,Books,5.0,7.5,37.5,2025-01-29,East Sabrina
O10219,C3348,Tracy Brooks,male,61.0,P003,Yoga Mat,Sports,1.0,20.0,20.0,2025-02-21,
O10220,C7623,Stephen Riddle,Male,65.0,P007,USB Cable,Electronics,4.0,5.99,23.96,2024-12-12,Danielleshire
O10221,C7557,Jeffrey Scott,male,,P002,Bluetooth Headphones,Electronics,2.0,59.99,119.98,2025-05-14,
O10222,C9147,Isabel Brown,male,,P006,Water Bottle,Sports,4.0,12.0,48.0,2025-01-31,Williamfort
O10223,C3934,Thomas Ward,Female,19.0,P004,Notebook,Books,,7.5,,2025-04-04,
O10224,C9518,Jesus Becker,Fmale,,P007,USB Cable,Electronics,5.0,5.99,29.95,2025-01-06,
O10225,C9856,Candice Wilson,Female,,P008,Desk Lamp,Home,4.0,18.5,74.0,2024-12-05,
O10226,C1589,Angela Kent,Male,45.0,P009,Backpack,Accessories,1.0,35.0,35.0,2025-05-07,
O10227,C2792,Eric Ponce,Fmale,63.0,P001,Wireless Mouse,Electronics,2.0,25.99,51.98,2025-03-25,
O10228,C5315,Tammy Booth,male,,P010,Pen Set,Books,,3.25,,2024-12-09,
O10002,C7003,Tara Sanders,male,,P008,Desk Lamp,Home,5.0,18.5,92.5,2025-01-16,
O10230,C6755,Raymond Butler,Male,,P006,Water Bottle,Sports,,12.0,,2025-02-06,
O10231,C5995,Cody Taylor,Female,33.0,P001,Wireless Mouse,Electronics,,25.99,,2025-02-20,
O10232,C7900,Robert Lopez,Female,,P002,Bluetooth Headphones,Electronics,3.0,59.99,179.97,2024-11-29,New Stacy
O10233,C9001,Steven Ortiz,male,55.0,P005,T-shirt,Clothing,1.0,15.0,15.0,2025-03-19,
O10234,C5907,James Hill,Female,,P002,Bluetooth Headphones,Electronics,,59.99,,2025-01-23,
O10235,C7586,Ashlee Brown,Female,49.0,P006,Water Bottle,Sports,4.0,12.0,48.0,2025-04-12,
O10236,C8786,Joseph Smith,Male,63.0,P004,Notebook,Books,5.0,7.5,37.5,2025-03-15,
O10237,C4278,Lindsey Rogers,Fmale,,P007,USB Cable,Electronics,2.0,5.99,11.98,2025-03-30,
O10238,C9457,Mary Gray,Fmale,,P007,USB Cable,Electronics,4.0,$5.99,23.96,2024-11-29,
O10239,C8106,Seth Morales,male,,P003,Yoga Mat,Sports,5.0,20.0,100.0,2025-04-29,
O10240,C5919,Diana Lyons,Male,51.0,P010,Pen Set,Books,,3.25,,2025-04-25,
O10241,C4868,Sheila Robertson,Fmale,22.0,P007,USB Cable,Electronics,4.0,5.99,23.96,2025-03-26,
O10242,C8145,Robin Smith,Male,27.0,P007,USB Cable,Electronics,2.0,5.99,11.98,2025-01-26,North Valerie
O10243,C3883,John Stevenson,Male,30.0,P007,USB Cable,Electronics,,5.99,,2025-04-21,
O10244,C7668,Dr. Susan Navarro,male,19.0,P001,Wireless Mouse,Electronics,,25.99,,2025-01-14,West Ronniefort
O10245,C9551,Laura Vincent,Male,43.0,P006,Water Bottle,Sports,,12.0,,2025-02-23,Lake Douglas
O10246,C7388,Michael Dunn,Fmale,49.0,P010,Pen Set,Books,5.0,3.25,16.25,2025-05-06,East Tylerland
O10247,C1916,Karen Fernandez,Female,27.0,P004,Notebook,Books,4.0,7.5,30.0,2025-01-04,Jacksonmouth
O10248,C5550,Ann Graham,Fmale,62.0,P008,Desk Lamp,Home,5.0,18.5,92.5,2025-04-05,
O10249,C1895,Pamela Robinson,male,,P003,Yoga Mat,Sports,3.0,20.0,60.0,2025-01-07,
O10250,C7364,Tammy Schultz,male,,P004,Notebook,Books,3.0,7.5,22.5,2025-02-21,
O10251,C8190,Pamela Burke,Fmale,37.0,P001,Wireless Mouse,Electronics,4.0,25.99,103.96,2025-03-23,Port Heatherbury
O10252,C7765,Rachel Burch,male,,P006,Water Bottle,Sports,,12.0,,2025-02-10,Nicholasfurt
O10253,C9973,Brian Peterson,male,24.0,P006,Water Bottle,Sports,,12.0,,2025-03-12,
O10254,C4278,Bethany Edwards,Male,21.0,P006,Water Bottle,Sports,4.0,$12.0,48.0,2025-01-30,
O10255,C3131,James Henderson,Male,25.0,P005,T-shirt,Clothing,3.0,15.0,45.0,2025-04-16,West Bryanside
O10256,C6367,Lindsay Walker,male,,P010,Pen Set,Books,,3.25,,2025-02-02,
O10257,C4677,Tommy Hood,Male,,P005,T-shirt,Clothing,2.0,15.0,30.0,2025-02-23,New Melissamouth
O10258,C8027,Maurice Solis,Female,,P001,Wireless Mouse,Electronics,1.0,25.99,25.99,2025-04-03,Hernandezport
O10259,C8129,Becky Shea DDS,Female,,P010,Pen Set,Books,3.0,3.25,9.75,2025-02-18,New Lukehaven
O10260,C5361,Amy Patrick,male,25.0,P008,Desk Lamp,Home,,18.5,,2024-12-17,
O10261,C5636,Melody Williams,male,42.0,P005,T-shirt,Clothing,,15.0,,2025-05-05,
O10262,C5068,William Hopkins,Female,44.0,P004,Notebook,Books,4.0,7.5,30.0,2025-05-01,Port Tony
O10263,C4476,Michael Mooney,male,23.0,P006,Water Bottle,Sports,5.0,12.0,60.0,2025-04-14,
O10264,C4847,Diane Leblanc,male,,P007,USB Cable,Electronics,,5.99,,2025-04-03,Myershaven
O10265,C7076,Lauren Trujillo,Male,,P008,Desk Lamp,Home,3.0,18.5,55.5,2025-05-02,
O10266,C8669,Jessica Olson,Male,55.0,P003,Yoga Mat,Sports,5.0,20.0,100.0,2025-05-11,
O10267,C9179,Nancy Smith,Fmale,,P003,Yoga Mat,Sports,1.0,20.0,20.0,2025-04-07,East Jeffery
O10268,C6128,William Shelton,Fmale,,P005,T-shirt,Clothing,,15.0,,2024-12-20,
O10269,C8208,Anthony Baird,Fmale,,P007,USB Cable,Electronics,2.0,5.99,11.98,2025-03-24,North Michaelfort
O10270,C8150,Jennifer Johnson,Female,21.0,P001,Wireless Mouse,Electronics,2.0,25.99,51.98,2025-01-03,Brittneyberg
O10271,C3425,Jaime Holt,Male,,P002,Bluetooth Headphones,Electronics,4.0,59.99,239.96,2025-04-21,
O10272,C4479,Matthew Richardson,Male,,P002,Bluetooth Headphones,Electronics,3.0,59.99,179.97,2024-12-11,Port Stevenfurt
O10273,C1425,Kevin Archer,Female,44.0,P010,Pen Set,Books,1.0,3.25,3.25,2025-02-19,North Davidhaven
O10274,C1473,Catherine Washington,Male,,P005,T-shirt,Clothing,,15.0,,2025-03-23,
O10275,C8423,Arthur Stout,male,,P002,Bluetooth Headphones,Electronics,4.0,59.99,239.96,2025-04-21,
O10276,C9964,Justin Herrera,Female,31.0,P006,Water Bottle,Sports,,12.0,,2025-04-24,
O10277,C1336,Sabrina Pearson,Male,,P010,Pen Set,Books,4.0,3.25,13.0,2025-04-13,Brownshire
O10278,C9042,Kyle White,male,,P004,Notebook,Books,2.0,7.5,15.0,2025-03-05,
O10279,C9021,Kenneth Delgado,Fmale,61.0,P007,USB Cable,Electronics,,5.99,,2024-12-05,
O10280,C8112,Caleb Evans,male,,P008,Desk Lamp,Home,4.0,18.5,74.0,2025-03-03,Melissaton
O10281,C9115,Danielle Williams,Male,,P007,USB Cable,Electronics,1.0,5.99,5.99,2025-02-26,
O10282,C3093,John Edwards,Male,,P009,Backpack,Accessories,,35.0,,2025-05-13,
O10006,C7766,Brett Weiss,male,36.0,P005,T-shirt,Clothing,2.0,15.0,30.0,2025-01-03,
O10284,C8583,Lindsey Robinson,Fmale,,P002,Bluetooth Headphones,Electronics,4.0,59.99,239.96,2025-01-26,
O10285,C8454,David James,male,20.0,P003,Yoga Mat,Sports,2.0,20.0,40.0,2025-05-12,
O10286,C2742,Megan Bentley,Fmale,39.0,P008,Desk Lamp,Home,5.0,18.5,92.5,2024-12-15,South Stephen
O10287,C7637,Mark Brewer,Male,,P007,USB Cable,Electronics,5.0,5.99,29.95,2025-04-05,North Crystal
O10288,C5958,Jennifer Hernandez,male,,P010,Pen Set,Books,,3.25,,2025-04-19,
O10289,C1439,Caleb Rodriguez,Female,18.0,P002,Bluetooth Headphones,Electronics,2.0,59.99,119.98,2025-03-04,Graybury
O10290,C2410,Gavin Nelson,Female,59.0,P004,Notebook,Books,4.0,7.5,30.0,2025-05-05,
O10291,C8295,Wayne Gray,Female,,P005,T-shirt,Clothing,4.0,15.0,60.0,2024-12-08,West Alejandro
O10292,C6469,Renee Davis,Male,46.0,P008,Desk Lamp,Home,4.0,18.5,74.0,2025-01-24,East Alishaport
O10293,C1606,Carolyn Potts,male,,P001,Wireless Mouse,Electronics,1.0,25.99,25.99,2025-02-01,
O10294,C6174,Rachel Arnold,male,,P008,Desk Lamp,Home,4.0,18.5,74.0,2025-05-08,West Linda
O10295,C8345,Michael Reeves,Fmale,,P009,Backpack,Accessories,1.0,35.0,35.0,2025-03-25,
O10296,C6556,Amy Swanson,Female,36.0,P007,USB Cable,Electronics,1.0,5.99,5.99,2025-01-28,
O10297,C6902,Catherine Andersen,male,,P010,Pen Set,Books,,3.25,,2025-04-22,
O10298,C9063,Kelly Higgins,Female,36.0,P008,Desk Lamp,Home,2.0,18.5,37.0,2025-05-16,
O10299,C5273,Eric Townsend,male,37.0,P002,Bluetooth Headphones,Electronics,4.0,59.99,239.96,2025-05-01,West Cynthia
O10300,C4671,Carmen Brown,Female,29.0,P006,Water Bottle,Sports,,12.0,,2025-04-11,Lake Christopherbury
O10301,C9444,Alexandra Vaughan,Fmale,40.0,P008,Desk Lamp,Home,3.0,18.5,55.5,2025-03-29,
O10302,C2734,Megan Patel,Male,63.0,P010,Pen Set,Books,,3.25,,2024-12-12,
O10303,C6925,Nichole Klein,Male,53.0,P010,Pen Set,Books,5.0,3.25,16.25,2025-04-03,
O10304,C6959,Amanda West,Fmale,,P003,Yoga Mat,Sports,,20.0,,2024-12-20,
O10030,C9274,Kayla Farley,Male,,P006,Water Bottle,Sports,2.0,12.0,24.0,2025-02-08,
O10306,C9677,Gail Shelton,Fmale,,P003,Yoga Mat,Sports,1.0,20.0,20.0,2025-04-28,
O10307,C6927,Aaron Welch,Female,,P007,USB Cable,Electronics,2.0,5.99,11.98,2025-02-02,
O10308,C8111,Kaylee Barry,Female,18.0,P001,Wireless Mouse,Electronics,4.0,25.99,103.96,2025-05-18,West Sarah
O10309,C9516,Aaron Stevens,Male,60.0,P001,Wireless Mouse,Electronics,4.0,25.99,103.96,2025-01-14,
O10310,C5583,Charlotte Gomez,male,,P005,T-shirt,Clothing,4.0,$15.0,60.0,2024-12-07,
O10311,C8244,Stephanie Jenkins,Female,,P009,Backpack,Accessories,5.0,35.0,175.0,2025-05-14,
O10312,C3064,James Evans,male,,P006,Water Bottle,Sports,,12.0,,2025-02-09,Smithview
O10313,C3621,Jeffrey Franco,Fmale,31.0,P009,Backpack,Accessories,5.0,35.0,175.0,2024-12-19,
O10314,C7110,Stephen Fletcher,Fmale,,P001,Wireless Mouse,Electronics,1.0,25.99,25.99,2024-12-09,
O10315,C1085,Patrick Santana,Fmale,25.0,P005,T-shirt,Clothing,,15.0,,2024-12-19,
O10316,C3293,Mrs. Katherine Simpson,Female,65.0,P008,Desk Lamp,Home,3.0,18.5,55.5,2025-03-30,
O10317,C2605,Jennifer Barber,Female,,P007,USB Cable,Electronics,5.0,5.99,29.95,2025-04-11,
O10318,C8309,Beth Cooper,male,44.0,P003,Yoga Mat,Sports,,20.0,,2024-11-20,Andersonville
O10319,C9020,William Mclaughlin,male,,P002,Bluetooth Headphones,Electronics,3.0,59.99,179.97,2025-02-10,
O10320,C9669,Jeffrey Williamson,Female,50.0,P007,USB Cable,Electronics,2.0,5.99,11.98,2025-04-08,
O10321,C2945,Dennis Haynes,Female,,P002,Bluetooth Headphones,Electronics,,59.99,,2025-03-27,East Juan
O10322,C5995,Kathryn White,Male,,P010,Pen Set,Books,4.0,3.25,13.0,2025-05-02,
O10323,C5999,Donald Lee,Fmale,49.0,P006,Water Bottle,Sports,3.0,12.0,36.0,2024-12-16,East David
O10324,C7841,Anthony Russell,Female,,P005,T-shirt,Clothing,2.0,15.0,30.0,2025-01-16,Smithborough
O10325,C3175,Jordan Schneider,Fmale,,P008,Desk Lamp,Home,5.0,18.5,92.5,2025-01-16,
O10326,C7711,Danielle Jacobson,male,,P003,Yoga Mat,Sports,5.0,20.0,100.0,2024-12-23,West Michaelstad
O10327,C3713,John Kerr,male,39.0,P007,USB Cable,Electronics,2.0,5.99,11.98,2024-12-07,
O10328,C1866,Eric Davis,Fmale,53.0,P001,Wireless Mouse,Electronics,5.0,25.99,129.95,2024-11-20,
O10329,C5504,Natalie Chapman,Female,48.0,P010,Pen Set,Books,5.0,3.25,16.25,2025-03-15,West Michael
O10330,C6569,James Eaton,male,,P004,Notebook,Books,2.0,7.5,15.0,2024-12-13,
O10331,C3755,Jeremy Garcia,male,,P007,USB Cable,Electronics,2.0,5.99,11.98,2025-05-19,
O10332,C6329,Christina Le MD,Female,34.0,P005,T-shirt,Clothing,2.0,15.0,30.0,2024-12-25,Kevinfort
O10333,C7152,Olivia Mathis,Male,,P003,Yoga Mat,Sports,1.0,20.0,20.0,2025-03-06,Pierceview
O10334,C5412,Autumn Graham,Female,33.0,P002,Bluetooth Headphones,Electronics,1.0,59.99,59.99,2025-02-19,
O10335,C1305,Carol Hill,male,,P001,Wireless Mouse,Electronics,3.0,25.99,77.97,2024-12-13,Millshaven
O10336,C9199,William Lee,Male,33.0,P005,T-shirt,Clothing,5.0,15.0,75.0,2025-04-25,
O10337,C8401,Valerie Martin,Fmale,52.0,P004,Notebook,Books,2.0,7.5,15.0,2025-04-12,Simpsonside
O10030,C5110,Devon White,male,,P001,Wireless Mouse,Electronics,1.0,25.99,25.99,2024-12-19,
O10339,C2469,Rachel Gibson,Female,,P007,USB Cable,Electronics,3.0,5.99,17.97,2025-04-04,New Heather
O10340,C6613,Derrick Wilson,Male,,P007,USB Cable,Electronics,,5.99,,2024-12-31,
O10341,C6381,Teresa Ramirez,male,35.0,P005,T-shirt,Clothing,,15.0,,2024-12-13,
O10342,C7769,Danielle Colon,Female,59.0,P001,Wireless Mouse,Electronics,,25.99,,2025-03-01,
O10343,C8293,Travis Henson,male,43.0,P009,Backpack,Accessories,,35.0,,2025-01-08,
O10344,C1138,William Garrett,male,,P002,Bluetooth Headphones,Electronics,3.0,59.99,179.97,2024-11-20,
O10017,C6862,Wesley Medina,Fmale,,P002,Bluetooth Headphones,Electronics,4.0,59.99,239.96,2025-05-05,Jeffreyview
O10346,C9074,Dawn Sims,Fmale,63.0,P004,Notebook,Books,1.0,7.5,7.5,2025-03-15,Lake Juliefurt
O10347,C4174,Damon Soto,Male,,P010,Pen Set,Books,2.0,3.25,6.5,2025-05-03,Port Scott
O10348,C4734,Jessica Hernandez,Female,22.0,P010,Pen Set,Books,,3.25,,2025-02-19,
O10349,C8437,Casey Hudson,Fmale,30.0,P009,Backpack,Accessories,,35.0,,2025-04-08,
O10350,C6922,Stephen Roth,Male,,P001,Wireless Mouse,Electronics,4.0,25.99,103.96,2025-03-31,
O10351,C6483,Jesse Brewer,Female,,P009,Backpack,Accessories,1.0,35.0,35.0,2025-02-04,
O10352,C3694,Jamie Smith,Male,65.0,P002,Bluetooth Headphones,Electronics,5.0,59.99,299.95,2025-04-27,
O10353,C6477,Randy Adams,Male,58.0,P006,Water Bottle,Sports,3.0,12.0,36.0,2025-05-19,Port Mariaton
O10354,C4878,Sabrina Farrell,Male,48.0,P005,T-shirt,Clothing,2.0,15.0,30.0,2024-12-04,
O10355,C7183,Jill Martin,male,,P002,Bluetooth Headphones,Electronics,5.0,59.99,299.95,2025-01-21,
O10356,C2668,Debra Stephens,Male,26.0,P006,Water Bottle,Sports,,12.0,,2024-11-22,
O10357,C1173,Sara Thomas,Male,,P001,Wireless Mouse,Electronics,5.0,25.99,129.95,2025-05-14,
O10358,C9474,Harry Mitchell,male,45.0,P008,Desk Lamp,Home,4.0,18.5,74.0,2025-05-15,
O10359,C4172,William Walker DVM,Female,24.0,P006,Water Bottle,Sports,5.0,12.0,60.0,2025-01-11,Mcdanielville
O10360,C1722,Thomas Gillespie,Fmale,,P010,Pen Set,Books,2.0,3.25,6.5,2025-05-10,
O10361,C9866,Linda Shelton,Fmale,,P001,Wireless Mouse,Electronics,2.0,25.99,51.98,2024-12-17,
O10037,C3369,Brian Hendricks,male,,P003,Yoga Mat,Sports,2.0,20.0,40.0,2025-03-26,
O10363,C2120,Shannon Spence,Male,,P001,Wireless Mouse,Electronics,2.0,25.99,51.98,2025-04-18,Sarahland
O10364,C6499,Robert Bray,male,,P006,Water Bottle,Sports,2.0,12.0,24.0,2025-04-25,
O10365,C4594,Frank Anderson,male,39.0,P010,Pen Set,Books,3.0,3.25,9.75,2025-04-16,North Beckyview
O10366,C6431,Michael Gutierrez,Female,62.0,P001,Wireless Mouse,Electronics,,25.99,,2025-04-21,
O10007,C8215,Joshua Ryan,male,29.0,P007,USB Cable,Electronics,65.0,5.99,389.35,2025-02-21,
O10368,C3855,Kelsey Frank,Fmale,20.0,P004,Notebook,Books,,7.5,,2025-04-24,South Christopher
O10369,C3248,Dalton Jefferson,Female,29.0,P006,Water Bottle,Sports,5.0,12.0,60.0,2025-01-27,Lake Christopher
O10370,C3807,Gregory Allison,Male,39.0,P007,USB Cable,Electronics,,5.99,,2025-05-05,
O10371,C4140,Kristen Velazquez,male,63.0,P009,Backpack,Accessories,5.0,35.0,175.0,2025-02-07,West Steven
O10039,C9773,Chad Hayden,Fmale,,P009,Backpack,Accessories,4.0,35.0,140.0,2025-04-03,
O10373,C9011,Jessica Brown,Fmale,33.0,P005,T-shirt,Clothing,2.0,15.0,30.0,2024-12-08,
O10374,C9342,Jacob Miller,Male,48.0,P004,Notebook,Books,,7.5,,2024-12-02,South Maryburgh
O10375,C9106,Clarence Manning,male,,P006,Water Bottle,Sports,4.0,12.0,48.0,2025-04-12,
O10376,C7486,Matthew Smith,male,58.0,P008,Desk Lamp,Home,3.0,18.5,55.5,2024-12-09,Theodoremouth
O10377,C5834,Paul Gordon,male,42.0,P004,Notebook,Books,3.0,7.5,22.5,2024-11-20,
O10378,C8086,Sandra Ellison,Fmale,32.0,P008,Desk Lamp,Home,5.0,18.5,92.5,2025-02-23,
O10379,C2243,Denise Davis,male,,P007,USB Cable,Electronics,3.0,5.99,17.97,2025-01-30,
O10380,C1627,Colleen White,Fmale,50.0,P006,Water Bottle,Sports,1.0,12.0,12.0,2025-04-11,
O10381,C5496,Martin Wilcox,Fmale,,P009,Backpack,Accessories,2.0,35.0,70.0,2024-12-20,
O10382,C7616,Brian Miller,Female,,P004,Notebook,Books,,7.5,,2025-03-15,Port Nathanchester
O10383,C4829,Brian Lewis,Male,48.0,P007,USB Cable,Electronics,5.0,5.99,29.95,2024-11-20,
O10384,C7843,Amanda Adams,male,,P009,Backpack,Accessories,5.0,35.0,175.0,2025-03-08,
O10385,C1158,Ernest Harding,male,53.0,P004,Notebook,Books,4.0,7.5,30.0,2024-11-19,
O10386,C9808,Emily Myers,Fmale,39.0,P008,Desk Lamp,Home,,18.5,,2025-01-26,
O10387,C7404,Steven Gordon,Male,54.0,P005,T-shirt,Clothing,3.0,15.0,45.0,2025-02-23,Lake Emily
O10388,C5991,Kevin Christian,male,,P007,USB Cable,Electronics,2.0,5.99,11.98,2025-01-13,North Brenda
O10389,C4260,Mark Cisneros,Male,61.0,P002,Bluetooth Headphones,Electronics,2.0,59.99,119.98,2025-01-01,East Faith
O10390,C9495,Nathan Holder,Fmale,31.0,P002,Bluetooth Headphones,Electronics,4.0,59.99,239.96,2025-02-23,
O10391,C2126,Isaac Chase,Fmale,,P001,Wireless Mouse,Electronics,2.0,25.99,51.98,2025-02-09,Sethberg
O10392,C6084,Zachary Lawson,Female,,P007,USB Cable,Electronics,2.0,5.99,11.98,2024-12-17,
O10393,C5044,Seth Payne,male,35.0,P010,Pen Set,Books,2.0,3.25,6.5,2025-04-21,Davistown
O10394,C8476,Edward Jones,male,,P009,Backpack,Accessories,3.0,35.0,105.0,2025-03-09,
O10395,C8501,Raymond Scott,Fmale,43.0,P006,Water Bottle,Sports,,12.0,,2025-02-17,
O10010,C9810,Brenda Martinez,Female,62.0,P007,USB Cable,Electronics,,5.99,,2025-03-08,
O10397,C7041,Scott Stark,Male,62.0,P005,T-shirt,Clothing,,15.0,,2024-12-13,
O10398,C2199,Michael Hunter,Fmale,,P002,Bluetooth Headphones,Electronics,1.0,59.99,59.99,2025-01-08,Richardsonmouth
O10007,C3236,Danielle Nicholson,Fmale,,P008,Desk Lamp,Home,4.0,18.5,74.0,2024-11-19,New Tiffanyton
O10400,C8171,Kelly Nash,male,,P006,Water Bottle,Sports,,12.0,,2024-12-31,Port Daniel
O10401,C7403,John Nichols,Fmale,28.0,P003,Yoga Mat,Sports,4.0,20.0,80.0,2025-04-25,Sawyerland
O10402,C9721,Sylvia Nielsen,Male,,P003,Yoga Mat,Sports,1.0,20.0,20.0,2025-04-16,Rodriguezburgh
O10403,C1797,Grant Munoz,Male,58.0,P004,Notebook,Books,4.0,7.5,30.0,2024-12-29,
O10404,C6523,Christopher Harrison,Female,41.0,P007,USB Cable,Electronics,2.0,5.99,11.98,2025-03-22,Wilsonmouth
O10405,C2764,Patricia Brown PhD,Male,32.0,P004,Notebook,Books,,7.5,,2025-04-20,
O10406,C2734,Sean Cisneros,Female,57.0,P006,Water Bottle,Sports,3.0,12.0,36.0,2025-03-30,
O10407,C2081,Benjamin Sullivan,Female,,P006,Water Bottle,Sports,3.0,12.0,36.0,2025-01-14,
O10408,C2668,Steven White,Fmale,20.0,P005,T-shirt,Clothing,,15.0,,2024-11-28,Savagehaven
O10409,C3177,Gregory Barnes,Female,34.0,P009,Backpack,Accessories,5.0,35.0,175.0,2025-02-18,
O10410,C7264,Laura Morrow,Fmale,,P006,Water Bottle,Sports,2.0,12.0,24.0,2025-03-06,Lake Samuel
O10411,C4873,Brianna Beck,Female,50.0,P009,Backpack,Accessories,,35.0,,2025-04-26,North Jennifer
O10412,C1621,Kathryn Stewart,Male,21.0,P007,USB Cable,Electronics,2.0,5.99,11.98,2025-04-20,
O10413,C9533,Terri Mathews DDS,male,,P004,Notebook,Books,,7.5,,2025-03-22,Bakertown
O10414,C5068,Joshua Martin,Fmale,19.0,P007,USB Cable,Electronics,,5.99,,2025-01-30,
O10031,C4153,Michael Friedman,male,,P004,Notebook,Books,5.0,7.5,37.5,2025-01-28,West Jason
O10416,C4348,Sharon Lyons,Female,31.0,P001,Wireless Mouse,Electronics,,25.99,,2025-03-24,Allenport
O10417,C5079,Joshua Mills,Male,,P004,Notebook,Books,5.0,7.5,37.5,2025-04-15,
O10418,C6891,Jake Tran,male,58.0,P005,T-shirt,Clothing,3.0,15.0,45.0,2024-12-19,
O10419,C8897,Michaela Pace,Female,,P007,USB Cable,Electronics,4.0,5.99,23.96,2025-05-12,
O10420,C7233,Alan Randolph,male,,P001,Wireless Mouse,Electronics,4.0,25.99,103.96,2024-12-08,
O10421,C8688,Jeremy Perkins,male,,P008,Desk Lamp,Home,3.0,18.5,55.5,2024-11-24,
O10422,C7812,Jesse James,Female,18.0,P004,Notebook,Books,2.0,7.5,15.0,2024-12-25,
O10423,C1636,Suzanne Gutierrez,Fmale,,P007,USB Cable,Electronics,,5.99,,2025-04-26,
O10424,C9005,Katie Adams,Female,,P002,Bluetooth Headphones,Electronics,4.0,59.99,239.96,2025-03-25,
O10425,C6921,April Stout,Male,,P006,Water Bottle,Sports,,12.0,,2024-11-24,
O10426,C3644,Kelly Figueroa,Female,,P001,Wireless Mouse,Electronics,,25.99,,2025-01-18,
O10427,C4093,Dana Beltran MD,Male,,P001,Wireless Mouse,Electronics,1.0,25.99,25.99,2025-03-23,
O10428,C6045,Todd Myers,male,,P007,USB Cable,Electronics,2.0,5.99,11.98,2025-04-08,
O10429,C6047,Jessica Garcia,Male,,P007,USB Cable,Electronics,,5.99,,2025-04-22,South Rebecca
O10430,C5724,Jenna Gill,male,18.0,P001,Wireless Mouse,Electronics,2.0,25.99,51.98,2025-05-14,New David
O10431,C2806,Christina Davis,Female,41.0,P007,USB Cable,Electronics,2.0,5.99,11.98,2025-02-10,
O10432,C7697,Michael Knapp,Female,29.0,P008,Desk Lamp,Home,5.0,18.5,92.5,2024-12-03,Lake Kaylaberg
O10433,C6605,Miss Paula Lopez,Male,58.0,P008,Desk Lamp,Home,,18.5,,2025-03-24,Johnsonberg
O10017,C1118,Molly Roman,Female,,P001,Wireless Mouse,Electronics,5.0,25.99,129.95,2025-01-30,
O10435,C8961,Charles Johnson,Male,31.0,P010,Pen Set,Books,1.0,3.25,3.25,2025-03-10,
O10436,C6918,Douglas Kline,male,,P008,Desk Lamp,Home,3.0,18.5,55.5,2024-12-06,
O10437,C3275,John Johnson,Male,,P007,USB Cable,Electronics,71.0,5.99,425.29,2024-12-02,South Meganborough
O10438,C8785,Jason Preston,Male,,P001,Wireless Mouse,Electronics,5.0,25.99,129.95,2025-03-21,
O10439,C6333,Steven Keller,Female,,P009,Backpack,Accessories,4.0,35.0,140.0,2025-03-20,Stokesburgh
O10440,C2645,Mr. Joshua Moore,male,43.0,P008,Desk Lamp,Home,2.0,18.5,37.0,2025-04-11,
O10441,C1520,Kimberly Holmes,Female,63.0,P007,USB Cable,Electronics,3.0,5.99,17.97,2025-04-14,
O10442,C9858,Daniel Murphy,Male,,P003,Yoga Mat,Sports,4.0,20.0,80.0,2024-12-30,East Michelle
O10443,C6349,John Ashley,Female,28.0,P004,Notebook,Books,2.0,7.5,15.0,2025-01-24,Lake Heatherberg
O10444,C3224,Travis Nielsen,Female,,P007,USB Cable,Electronics,3.0,5.99,17.97,2025-01-05,
O10445,C6623,Diana Long,male,,P009,Backpack,Accessories,,35.0,,2025-03-11,East Gloria
O10446,C2460,Katherine Andrade,male,,P007,USB Cable,Electronics,,5.99,,2025-02-08,Gabrielborough
O10447,C1027,Jessica Bradley,Female,65.0,P006,Water Bottle,Sports,,12.0,,2025-01-29,
O10448,C3069,Dawn Ortiz,Female,,P005,T-shirt,Clothing,1.0,15.0,15.0,2025-03-15,
O10449,C5863,Frank Gibbs,Female,,P009,Backpack,Accessories,,35.0,,2025-01-26,Raymondville
O10450,C1562,Charles Edwards,male,,P004,Notebook,Books,4.0,7.5,30.0,2024-11-19,North Jason
O10451,C4534,Keith Morris,Fmale,50.0,P010,Pen Set,Books,3.0,3.25,9.75,2025-01-02,
O10452,C4687,Ashley Ramirez,male,,P008,Desk Lamp,Home,3.0,18.5,55.5,2025-03-16,South Justinborough
O10453,C1353,Jessica Li,male,,P001,Wireless Mouse,Electronics,2.0,25.99,51.98,2024-12-26,
O10454,C5637,Dr. Jason Martinez Jr.,Fmale,,P009,Backpack,Accessories,4.0,35.0,140.0,2025-01-20,
O10455,C1886,Mason Chase,Female,,P005,T-shirt,Clothing,,15.0,,2024-11-18,Youngtown
O10456,C4573,Joseph Rose,Female,54.0,P005,T-shirt,Clothing,4.0,15.0,60.0,2025-01-22,
O10457,C7997,Denise Molina,Male,41.0,P004,Notebook,Books,,7.5,,2025-02-03,
O10458,C6545,Jennifer Horton,Male,,P003,Yoga Mat,Sports,1.0,20.0,20.0,2025-02-14,New Kimfort
O10459,C3826,Teresa Garcia,Female,,P010,Pen Set,Books,4.0,3.25,13.0,2024-12-31,Allisonville
O10460,C2910,Shannon Ramsey MD,Male,,P007,USB Cable,Electronics,,$5.99,,2024-12-05,
O10461,C2549,Steven Mayo,male,59.0,P002,Bluetooth Headphones,Electronics,1.0,59.99,59.99,2025-05-18,Lake Rachel
O10462,C9806,Travis Jones,male,,P010,Pen Set,Books,2.0,3.25,6.5,2025-01-20,
O10463,C3033,Lauren Wilson,Male,,P003,Yoga Mat,Sports,4.0,20.0,80.0,2025-01-19,Nelsonburgh
O10464,C3110,Stephanie Walsh,Male,29.0,P004,Notebook,Books,,7.5,,2025-03-27,Port Breanna
O10465,C9919,John Ramirez,Female,,P010,Pen Set,Books,2.0,3.25,6.5,2025-04-17,New Allisonshire
O10466,C9750,Michelle Gomez,Male,,P003,Yoga Mat,Sports,4.0,20.0,80.0,2025-04-29,Perezview
O10467,C9365,Melissa Jones,male,,P008,Desk Lamp,Home,2.0,18.5,37.0,2025-02-22,
O10468,C4526,James Freeman,Male,60.0,P004,Notebook,Books,,7.5,,2025-01-23,East Alexanderborough
O10469,C5177,Shannon Hodges,Female,,P003,Yoga Mat,Sports,5.0,20.0,100.0,2025-01-17,
O10470,C3346,Carlos Rangel,Female,,P005,T-shirt,Clothing,4.0,15.0,60.0,2025-01-31,Rioshaven
O10471,C9379,James Jones,Male,,P009,Backpack,Accessories,2.0,35.0,70.0,2025-02-08,
O10472,C5425,Mariah Thomas,male,,P010,Pen Set,Books,2.0,3.25,6.5,2025-05-07,
O10473,C5476,Chelsea Johnson,Male,,P002,Bluetooth Headphones,Electronics,5.0,59.99,299.95,2025-03-26,Lake Danieltown
O10474,C3023,Angela Reynolds,Fmale,18.0,P003,Yoga Mat,Sports,2.0,20.0,40.0,2024-12-17,
O10475,C5440,Jeremy Wood,Fmale,,P003,Yoga Mat,Sports,5.0,20.0,100.0,2024-11-27,Shawhaven
O10476,C9711,Collin Thompson,Male,,P010,Pen Set,Books,1.0,3.25,3.25,2025-01-10,
O10477,C3337,Maria Haley,male,48.0,P009,Backpack,Accessories,85.0,35.0,2975.0,2024-12-30,
O10478,C8500,Austin Garcia,Fmale,,P007,USB Cable,Electronics,5.0,5.99,29.95,2024-12-31,
O10479,C4748,Roger Holt,Fmale,,P003,Yoga Mat,Sports,4.0,20.0,80.0,2025-02-22,
O10480,C4932,Dwayne Carlson,Male,,P005,T-shirt,Clothing,,15.0,,2025-04-09,
O10481,C7946,Sarah Watts,Male,,P002,Bluetooth Headphones,Electronics,2.0,$59.99,119.98,2024-12-21,
O10482,C3042,Steven Thomas,Female,,P009,Backpack,Accessories,,35.0,,2024-11-20,
O10483,C9652,Dennis Jones,Female,65.0,P007,USB Cable,Electronics,1.0,5.99,5.99,2025-03-29,
O10484,C1834,Katherine Wright,male,28.0,P010,Pen Set,Books,1.0,3.25,3.25,2024-12-09,New Michaelfort
O10485,C2931,Kelly Jackson,male,,P007,USB Cable,Electronics,4.0,5.99,23.96,2024-12-16,Port Andreport
O10486,C5994,Nicholas Fritz,male,,P005,T-shirt,Clothing,100.0,15.0,1500.0,2025-01-06,North Kevinmouth
O10487,C6798,Harold Mckinney,male,,P009,Backpack,Accessories,1.0,35.0,35.0,2025-05-10,Kingmouth
O10488,C2388,Alicia Irwin,Fmale,64.0,P002,Bluetooth Headphones,Electronics,1.0,59.99,59.99,2025-05-03,
O10489,C5903,Andre Lane,Female,44.0,P009,Backpack,Accessories,52.0,35.0,1820.0,2025-04-02,
O10490,C3291,Troy Fowler,Female,,P006,Water Bottle,Sports,4.0,12.0,48.0,2025-01-10,Howardland
O10491,C7464,Thomas Bailey,male,,P006,Water Bottle,Sports,,12.0,,2025-01-21,
O10492,C5354,Andrew Meyer,Fmale,20.0,P007,USB Cable,Electronics,,5.99,,2025-01-23,
O10493,C7551,Rebecca Roberts,male,,P002,Bluetooth Headphones,Electronics,4.0,59.99,239.96,2024-11-19,
O10494,C1223,Chris Levy,male,26.0,P009,Backpack,Accessories,,35.0,,2025-03-19,Hoberg
O10495,C8027,Edward Chavez,Fmale,45.0,P004,Notebook,Books,1.0,7.5,7.5,2024-12-30,
O10496,C5052,Eric Jordan,Female,64.0,P004,Notebook,Books,5.0,7.5,37.5,2025-03-26,Margaretville
O10497,C3436,Rachel Shaw,male,63.0,P007,USB Cable,Electronics,2.0,5.99,11.98,2025-04-16,
O10498,C4270,Nicholas Reynolds,Female,43.0,P004,Notebook,Books,1.0,7.5,7.5,2025-05-15,
O10499,C8851,Danielle Gregory,male,,P002,Bluetooth Headphones,Electronics,1.0,59.99,59.99,2025-02-01,
O10500,C7849,Tami Harper,male,59.0,P001,Wireless Mouse,Electronics,5.0,25.99,129.95,2024-12-21,
O10501,C8734,Brenda Saunders,Male,29.0,P004,Notebook,Books,3.0,7.5,22.5,2025-01-05,Sheltonmouth
O10502,C2587,Bradley Knight,Male,45.0,P005,T-shirt,Clothing,5.0,15.0,75.0,2025-03-20,
O10503,C7088,Sandra Davis,Female,,P001,Wireless Mouse,Electronics,,25.99,,2025-02-28,
O10504,C2971,Michelle Mcdonald,Fmale,,P004,Notebook,Books,,7.5,,2025-02-09,Bensonhaven
O10505,C8769,Thomas Johnson,Female,,P001,Wireless Mouse,Electronics,5.0,25.99,129.95,2025-04-15,Fisherchester
O10506,C6690,Elizabeth Sanchez,Female,20.0,P004,Notebook,Books,5.0,7.5,37.5,2025-02-25,Davisberg
O10507,C1358,Sherry Brown,Male,45.0,P006,Water Bottle,Sports,4.0,12.0,48.0,2025-05-01,
O10508,C4116,Phillip Holmes,Fmale,62.0,P003,Yoga Mat,Sports,5.0,20.0,100.0,2025-04-29,
O10509,C5448,Brent Roberts,Male,,P007,USB Cable,Electronics,4.0,5.99,23.96,2025-02-19,
O10510,C8461,Megan Stevenson,Male,28.0,P004,Notebook,Books,2.0,7.5,15.0,2024-11-28,
O10511,C1747,Kathleen Walker,Fmale,37.0,P009,Backpack,Accessories,,35.0,,2025-03-29,
O10512,C5079,Taylor Shaffer,Fmale,20.0,P009,Backpack,Accessories,2.0,35.0,70.0,2025-03-19,
O10513,C9999,Spencer Meyer,Male,,P004,Notebook,Books,5.0,7.5,37.5,2025-01-05,
O10514,C6824,Jill Brown,Female,,P005,T-shirt,Clothing,,$15.0,,2024-12-11,
O10515,C2743,Sarah Payne,Fmale,,P004,Notebook,Books,,7.5,,2025-04-26,Richardburgh
O10516,C7479,Mark Lopez,Fmale,58.0,P007,USB Cable,Electronics,,5.99,,2025-04-25,
O10517,C8526,Christina Castillo,Female,,P003,Yoga Mat,Sports,4.0,20.0,80.0,2025-01-13,
O10518,C3911,Michael Rodriguez,Female,,P003,Yoga Mat,Sports,2.0,20.0,40.0,2025-02-06,
O10519,C7594,Justin Smith,Female,22.0,P007,USB Cable,Electronics,,5.99,,2025-01-15,Hernandezport
O10520,C1222,Terry Estes,Female,64.0,P002,Bluetooth Headphones,Electronics,,59.99,,2025-02-16,
O10521,C1153,Scott Gordon,Female,,P001,Wireless Mouse,Electronics,2.0,25.99,51.98,2025-01-24,Hillburgh
O10522,C3672,Heather Ball,Fmale,63.0,P002,Bluetooth Headphones,Electronics,5.0,59.99,299.95,2025-01-22,Palmerburgh
O10523,C1347,Phillip Turner,male,27.0,P005,T-shirt,Clothing,3.0,15.0,45.0,2025-02-02,Espinozaberg
O10027,C6788,Lisa White,Fmale,,P001,Wireless Mouse,Electronics,48.0,25.99,1247.52,2025-04-04,Port Deannafurt
O10525,C5617,Lauren Silva,male,61.0,P005,T-shirt,Clothing,2.0,15.0,30.0,2025-04-28,
O10526,C9691,Caitlin Davis,Fmale,,P006,Water Bottle,Sports,1.0,12.0,12.0,2024-12-08,Jonestown
O10527,C5702,David Ingram,Female,,P006,Water Bottle,Sports,5.0,12.0,60.0,2025-05-15,Villafort
O10528,C1035,Steven Campos,Fmale,,P006,Water Bottle,Sports,1.0,12.0,12.0,2025-02-07,
O10529,C2102,Paul Alexander,Female,38.0,P003,Yoga Mat,Sports,,20.0,,2025-01-29,
O10530,C7308,William Berry,male,,P002,Bluetooth Headphones,Electronics,5.0,59.99,299.95,2024-12-26,East Manuelmouth
O10531,C3264,Courtney Harmon,male,,P006,Water Bottle,Sports,3.0,12.0,36.0,2025-02-10,
O10532,C7301,Mary Harris,male,,P004,Notebook,Books,4.0,7.5,30.0,2025-04-24,
O10533,C1281,Joshua Jones,male,51.0,P002,Bluetooth Headphones,Electronics,5.0,59.99,299.95,2024-12-23,
O10534,C3283,Kara Bell,male,26.0,P006,Water Bottle,Sports,5.0,12.0,60.0,2025-03-18,Leeborough
O10535,C2920,James Jones,Female,,P005,T-shirt,Clothing,4.0,15.0,60.0,2024-12-03,Port Carlos
O10536,C8812,Jonathan Williams,Male,,P003,Yoga Mat,Sports,4.0,20.0,80.0,2025-03-02,
O10537,C7823,Danielle Warner,Male,,P010,Pen Set,Books,2.0,3.25,6.5,2024-12-01,Andrewport
O10538,C6526,Sarah Frederick,male,65.0,P003,Yoga Mat,Sports,2.0,20.0,40.0,2025-02-23,
O10539,C3843,Stephanie Aguilar,Male,36.0,P008,Desk Lamp,Home,,18.5,,2025-05-18,Reginaldton
O10540,C5227,Dean Cook,Male,,P009,Backpack,Accessories,2.0,35.0,70.0,2025-04-15,
O10541,C7185,Mary Johns,Fmale,63.0,P010,Pen Set,Books,5.0,3.25,16.25,2025-01-02,
O10542,C2264,Michele Cannon,Female,43.0,P003,Yoga Mat,Sports,,20.0,,2024-11-24,Jonesshire
O10543,C4190,Lisa Miller,Fmale,,P008,Desk Lamp,Home,4.0,18.5,74.0,2025-03-05,
O10544,C3666,Ashley Crawford,Male,,P005,T-shirt,Clothing,1.0,15.0,15.0,2024-12-31,
O10545,C4937,Sherri Perez,Male,31.0,P009,Backpack,Accessories,1.0,35.0,35.0,2025-05-17,
O10546,C6843,Shannon Fleming,Male,,P005,T-shirt,Clothing,1.0,15.0,15.0,2025-04-10,North Kimborough
O10547,C6428,Melissa Jordan,Female,,P005,T-shirt,Clothing,4.0,15.0,60.0,2025-02-08,
O10548,C1612,Vickie Richardson,Male,50.0,P007,USB Cable,Electronics,,5.99,,2024-12-25,North Samuel
O10549,C4533,Brandon Smith,Female,,P005,T-shirt,Clothing,2.0,15.0,30.0,2025-02-06,Samuelton
O10550,C8059,Angela Martinez,Female,,P003,Yoga Mat,Sports,,20.0,,2024-12-23,
O10551,C9151,Stephanie Bolton,male,33.0,P001,Wireless Mouse,Electronics,,25.99,,2024-12-13,
O10552,C3645,Angela Mays,Female,37.0,P002,Bluetooth Headphones,Electronics,1.0,59.99,59.99,2024-12-27,
O10553,C8753,Shannon Wallace,Fmale,40.0,P002,Bluetooth Headphones,Electronics,3.0,59.99,179.97,2025-01-15,Thorntonstad
O10554,C3113,Dana Orozco,Female,,P005,T-shirt,Clothing,4.0,15.0,60.0,2025-01-18,Kimberlyport
O10555,C1699,Lisa Ramirez,Fmale,41.0,P008,Desk Lamp,Home,3.0,18.5,55.5,2024-12-27,
O10006,C3592,Patrick Clark,Male,65.0,P010,Pen Set,Books,,3.25,,2025-01-29,
O10557,C9767,Marie Chavez,Male,,P010,Pen Set,Books,4.0,3.25,13.0,2024-12-10,
O10558,C6198,James Wilcox,Male,29.0,P008,Desk Lamp,Home,1.0,18.5,18.5,2024-12-04,
O10009,C3384,Scott Cruz Jr.,male,,P006,Water Bottle,Sports,5.0,12.0,60.0,2024-12-27,West Melissafurt
O10560,C8756,Mary Johnson,Male,,P004,Notebook,Books,3.0,7.5,22.5,2025-04-15,Lopezchester
O10561,C5487,Susan Patrick,Female,,P004,Notebook,Books,1.0,7.5,7.5,2025-03-12,
O10562,C1880,Lisa Glenn,Fmale,,P007,USB Cable,Electronics,1.0,5.99,5.99,2025-04-18,
O10563,C3632,Tara Mitchell,Fmale,37.0,P002,Bluetooth Headphones,Electronics,4.0,59.99,239.96,2025-05-19,Port Danielfurt
O10564,C6185,Debbie Horne,male,18.0,P007,USB Cable,Electronics,3.0,5.99,17.97,2025-02-16,Colemanshire
O10565,C9531,Michael Hill,male,,P001,Wireless Mouse,Electronics,2.0,25.99,51.98,2025-01-05,
O10566,C4074,Donald Adams,Female,,P001,Wireless Mouse,Electronics,4.0,25.99,103.96,2025-01-05,
O10567,C1235,Sarah Wallace,Female,,P007,USB Cable,Electronics,,5.99,,2024-11-21,North Kurtmouth
O10568,C8471,Karen Richard,Male,,P006,Water Bottle,Sports,3.0,12.0,36.0,2024-12-30,
O10569,C8517,Leonard Edwards,Fmale,,P007,USB Cable,Electronics,4.0,5.99,23.96,2024-11-30,
O10570,C8167,Johnny Perez,Female,53.0,P007,USB Cable,Electronics,3.0,5.99,17.97,2024-12-21,
O10571,C9133,Brian Johnson,Male,23.0,P005,T-shirt,Clothing,,15.0,,2025-03-30,Port Christine
O10018,C4471,Crystal Lynn,Male,,P010,Pen Set,Books,5.0,3.25,16.25,2025-01-07,
O10573,C8601,Amanda Young,male,25.0,P004,Notebook,Books,4.0,7.5,30.0,2024-12-09,
O10574,C6036,Damon Hudson,male,,P007,USB Cable,Electronics,,5.99,,2025-04-28,New Scotthaven
O10575,C9502,Briana Nguyen,Female,,P007,USB Cable,Electronics,,5.99,,2025-04-20,Joneschester
O10576,C7444,Jade Dunlap,Fmale,,P010,Pen Set,Books,3.0,3.25,9.75,2025-01-14,Matthewchester
O10577,C8166,Susan Johnson,male,,P001,Wireless Mouse,Electronics,5.0,25.99,129.95,2025-03-16,
O10578,C5263,Natalie Logan,Female,50.0,P004,Notebook,Books,1.0,7.5,7.5,2025-04-05,
O10049,C1455,Amanda Barber,Fmale,31.0,P009,Backpack,Accessories,2.0,35.0,70.0,2025-01-31,Shelbyfurt
O10580,C6867,Yolanda Mccoy,Male,,P010,Pen Set,Books,,3.25,,2025-04-09,North Susanbury
O10581,C7194,Kelsey Williams,Female,37.0,P003,Yoga Mat,Sports,2.0,20.0,40.0,2025-02-17,
O10582,C2694,Eileen Sanchez,Male,35.0,P005,T-shirt,Clothing,,15.0,,2025-01-04,Stewartborough
O10583,C6921,Ashley Allen,Male,24.0,P002,Bluetooth Headphones,Electronics,4.0,59.99,239.96,2025-04-09,
O10584,C7879,Angela Cox,Male,49.0,P004,Notebook,Books,4.0,7.5,30.0,2025-02-20,
O10585,C1515,Ronald Hatfield,male,28.0,P007,USB Cable,Electronics,3.0,5.99,17.97,2025-05-16,
O10586,C1484,Mary Jacobs,Fmale,48.0,P002,Bluetooth Headphones,Electronics,3.0,59.99,179.97,2025-04-21,Port Regina
O10008,C3073,Jason Lucero,Female,,P009,Backpack,Accessories,1.0,35.0,35.0,2025-03-09,Matthewville
O10588,C9123,Sherri Smith,male,30.0,P005,T-shirt,Clothing,3.0,15.0,45.0,2024-12-11,
O10589,C7436,Julie Garcia,male,,P007,USB Cable,Electronics,5.0,5.99,29.95,2025-05-05,Bakerside
O10590,C5451,Brandi Camacho DVM,Fmale,28.0,P002,Bluetooth Headphones,Electronics,5.0,59.99,299.95,2025-05-12,
O10591,C2052,Dana Carter,Male,,P006,Water Bottle,Sports,5.0,12.0,60.0,2025-01-22,
O10592,C9691,Amber Rodgers MD,Male,,P008,Desk Lamp,Home,2.0,18.5,37.0,2025-02-13,
O10593,C4525,John Taylor,Male,25.0,P006,Water Bottle,Sports,4.0,12.0,48.0,2024-12-23,
O10021,C6268,Megan Chavez,Female,38.0,P006,Water Bottle,Sports,3.0,12.0,36.0,2025-01-19,East Paulashire
O10595,C2225,Raymond Hall,Male,,P004,Notebook,Books,5.0,7.5,37.5,2025-02-21,
O10596,C9092,Lauren Anthony,male,,P010,Pen Set,Books,,3.25,,2025-02-08,
O10597,C4873,Tiffany Williams,Fmale,44.0,P008,Desk Lamp,Home,1.0,18.5,18.5,2025-04-09,Marcusmouth
O10598,C9740,Lisa Garcia,Fmale,19.0,P010,Pen Set,Books,1.0,3.25,3.25,2025-01-12,
O10599,C5931,Mr. Christopher Crosby,Fmale,59.0,P009,Backpack,Accessories,1.0,35.0,35.0,2025-01-07,North Keith
O10600,C5889,Juan Romero,Fmale,43.0,P005,T-shirt,Clothing,3.0,15.0,45.0,2024-12-20,
O10601,C6289,Chloe Freeman,Male,41.0,P008,Desk Lamp,Home,4.0,18.5,74.0,2025-04-26,New Rachelside
O10602,C1080,Jeremy Martinez,Female,23.0,P007,USB Cable,Electronics,2.0,5.99,11.98,2025-02-14,
O10603,C7218,Jeffrey Baker,Male,25.0,P001,Wireless Mouse,Electronics,3.0,25.99,77.97,2025-05-04,
O10604,C7771,Hector Miller,Female,,P005,T-shirt,Clothing,,15.0,,2025-04-21,West Jessica
O10605,C8908,George Chavez,Male,51.0,P008,Desk Lamp,Home,,18.5,,2025-04-09,
O10606,C4373,Timothy Bauer,Fmale,36.0,P004,Notebook,Books,1.0,7.5,7.5,2025-01-18,
O10607,C8989,Lori Avery,male,21.0,P002,Bluetooth Headphones,Electronics,1.0,59.99,59.99,2025-03-19,Port Angela
O10608,C2731,Connie Gonzalez,Female,,P002,Bluetooth Headphones,Electronics,3.0,59.99,179.97,2025-02-17,
O10609,C5552,Diane Gonzalez,Fmale,,P003,Yoga Mat,Sports,2.0,20.0,40.0,2025-05-07,
O10610,C1271,Austin Grant,Fmale,54.0,P007,USB Cable,Electronics,2.0,5.99,11.98,2024-12-28,New Mercedesborough
O10611,C2377,James Silva,Fmale,,P008,Desk Lamp,Home,2.0,18.5,37.0,2025-03-21,
O10612,C7058,Sara Golden,Female,,P006,Water Bottle,Sports,4.0,12.0,48.0,2025-03-27,
O10613,C9676,Kimberly Phillips,male,,P002,Bluetooth Headphones,Electronics,1.0,59.99,59.99,2024-12-30,Henryfurt
O10614,C1584,Erika Bates,male,24.0,P010,Pen Set,Books,4.0,3.25,13.0,2024-12-10,
O10615,C7421,Hannah Sanders,Female,22.0,P010,Pen Set,Books,3.0,3.25,9.75,2024-12-12,
O10616,C5718,Melissa Johnson,Female,,P007,USB Cable,Electronics,1.0,5.99,5.99,2025-01-09,
O10617,C4909,Raymond Green,Male,24.0,P010,Pen Set,Books,3.0,3.25,9.75,2025-01-18,
O10618,C8775,Dean Brown,Male,28.0,P003,Yoga Mat,Sports,3.0,$20.0,60.0,2025-02-20,
O10619,C6769,Jermaine Walker,Male,,P007,USB Cable,Electronics,3.0,$5.99,17.97,2025-05-07,West Daisy
O10620,C5762,Theresa Austin,Male,49.0,P008,Desk Lamp,Home,5.0,18.5,92.5,2025-01-21,
O10621,C6747,Alisha Gray,Female,27.0,P004,Notebook,Books,5.0,7.5,37.5,2025-04-18,New Amber
O10622,C9484,Anthony Clark,male,,P009,Backpack,Accessories,3.0,35.0,105.0,2025-03-01,
O10623,C3320,Mitchell Roberts,Male,35.0,P010,Pen Set,Books,4.0,3.25,13.0,2024-12-19,East Mary
O10624,C7189,Danielle Smith,Male,,P006,Water Bottle,Sports,4.0,12.0,48.0,2025-05-01,
O10625,C7836,Raven Williams,male,51.0,P002,Bluetooth Headphones,Electronics,3.0,59.99,179.97,2025-01-11,
O10626,C6685,Paul Hess,Female,,P005,T-shirt,Clothing,3.0,15.0,45.0,2025-01-30,
O10627,C3664,Angela Wagner,Male,49.0,P005,T-shirt,Clothing,1.0,15.0,15.0,2025-04-03,
O10628,C3022,Brittany Fitzgerald,Fmale,,P005,T-shirt,Clothing,4.0,15.0,60.0,2025-04-20,Smithside
O10016,C5641,Jessica Paul,Fmale,,P001,Wireless Mouse,Electronics,4.0,25.99,103.96,2025-01-15,
O10630,C2322,Matthew Ruiz,Female,,P009,Backpack,Accessories,,35.0,,2025-01-13,Stephenville
O10631,C2607,Karen Velez,Male,,P005,T-shirt,Clothing,2.0,15.0,30.0,2025-03-01,Davischester
O10632,C4268,James Watson MD,Fmale,,P005,T-shirt,Clothing,3.0,15.0,45.0,2024-12-09,
O10633,C8555,David Wood,male,53.0,P005,T-shirt,Clothing,2.0,15.0,30.0,2025-03-07,
O10634,C6858,Vanessa Davis,male,45.0,P009,Backpack,Accessories,2.0,35.0,70.0,2024-12-20,Lake Lanceberg
O10635,C7896,Angela Powell,male,,P008,Desk Lamp,Home,3.0,18.5,55.5,2025-04-29,
O10636,C1877,Amy Snyder,Fmale,,P002,Bluetooth Headphones,Electronics,2.0,59.99,119.98,2025-02-05,Millsshire
O10637,C1890,Michael George,male,60.0,P007,USB Cable,Electronics,2.0,5.99,11.98,2025-05-06,
O10638,C6428,Kimberly Edwards,Fmale,59.0,P002,Bluetooth Headphones,Electronics,1.0,59.99,59.99,2025-03-24,
O10639,C4662,Mr. Patrick Quinn,Male,62.0,P001,Wireless Mouse,Electronics,1.0,25.99,25.99,2025-05-15,
O10640,C3507,Adam Meyer,Fmale,64.0,P003,Yoga Mat,Sports,3.0,20.0,60.0,2024-12-11,
O10641,C1911,Amanda Coleman,Male,33.0,P010,Pen Set,Books,1.0,3.25,3.25,2024-12-21,East Samuel
O10642,C8194,Adam Wilson,male,48.0,P002,Bluetooth Headphones,Electronics,3.0,59.99,179.97,2025-01-14,Taylorside
O10643,C9380,Carol Roberts,male,27.0,P010,Pen Set,Books,1.0,3.25,3.25,2025-03-31,Alexandrastad
O10644,C5508,Kelly King,male,,P009,Backpack,Accessories,2.0,35.0,70.0,2025-02-15,
O10645,C7380,Sarah Taylor,Male,,P007,USB Cable,Electronics,4.0,5.99,23.96,2025-02-27,
O10646,C8509,John Holder,Fmale,,P001,Wireless Mouse,Electronics,5.0,25.99,129.95,2024-11-19,Smithchester
O10647,C3858,Kimberly Rivera,Female,40.0,P005,T-shirt,Clothing,1.0,15.0,15.0,2024-11-29,
O10648,C2117,Justin Perez,Fmale,47.0,P003,Yoga Mat,Sports,3.0,20.0,60.0,2025-03-20,
O10649,C5247,Elizabeth Weber,male,56.0,P008,Desk Lamp,Home,4.0,18.5,74.0,2025-02-04,
O10650,C3607,Christian Cross,Fmale,,P003,Yoga Mat,Sports,,20.0,,2025-01-11,
O10651,C4876,Joseph Newman,Male,,P004,Notebook,Books,1.0,7.5,7.5,2025-01-31,
O10652,C2194,Tracy Mclaughlin,male,44.0,P002,Bluetooth Headphones,Electronics,2.0,59.99,119.98,2025-03-17,Barbarashire
O10653,C4272,Virginia Davis,Male,,P008,Desk Lamp,Home,3.0,18.5,55.5,2025-04-22,Clarktown
O10654,C4150,Erica Huang,male,,P004,Notebook,Books,3.0,7.5,22.5,2024-11-28,East Fred
O10655,C7685,John Turner,Male,58.0,P002,Bluetooth Headphones,Electronics,5.0,$59.99,299.95,2025-04-14,New Lindsay
O10656,C9129,Michelle Kelly,Male,39.0,P010,Pen Set,Books,5.0,3.25,16.25,2025-04-29,
O10657,C2100,Theresa Bass,male,,P004,Notebook,Books,2.0,7.5,15.0,2025-04-05,
O10658,C4777,Michael King,male,22.0,P008,Desk Lamp,Home,4.0,18.5,74.0,2024-12-11,Port Samuel
O10659,C2113,Jacob Owens,Fmale,19.0,P001,Wireless Mouse,Electronics,5.0,25.99,129.95,2025-03-28,
O10660,C1928,Sherri Knapp,Male,52.0,P003,Yoga Mat,Sports,3.0,20.0,60.0,2024-12-25,
O10026,C6481,Isaac Lee,Male,,P009,Backpack,Accessories,,35.0,,2025-03-11,
O10662,C1579,Kathryn Smith,Female,,P001,Wireless Mouse,Electronics,2.0,25.99,51.98,2025-01-10,
O10663,C2704,Zachary Padilla,male,56.0,P006,Water Bottle,Sports,1.0,12.0,12.0,2025-01-10,
O10664,C4731,Lynn Henry DDS,Female,,P001,Wireless Mouse,Electronics,4.0,25.99,103.96,2025-05-06,
O10030,C7180,Cassandra Rosales,Male,,P001,Wireless Mouse,Electronics,1.0,25.99,25.99,2024-12-04,
O10666,C7024,Mark Brown,male,53.0,P003,Yoga Mat,Sports,4.0,20.0,80.0,2024-12-06,Flowersville
O10667,C9785,Nancy Cook,Fmale,45.0,P006,Water Bottle,Sports,2.0,12.0,24.0,2025-03-28,Tonyaborough
O10668,C1716,Laurie Blackburn,Male,64.0,P010,Pen Set,Books,1.0,3.25,3.25,2025-02-26,Rachaelburgh
O10669,C2251,Roger Mason,Female,36.0,P006,Water Bottle,Sports,3.0,12.0,36.0,2025-04-08,
O10670,C5795,Lee Barker,Female,,P005,T-shirt,Clothing,5.0,15.0,75.0,2025-02-05,Christophermouth
O10671,C8966,April Hill,Fmale,38.0,P004,Notebook,Books,5.0,7.5,37.5,2025-01-25,Lake Julie
O10672,C3325,Julie Wilson,Female,26.0,P005,T-shirt,Clothing,1.0,15.0,15.0,2024-12-05,
O10673,C7294,Mark Smith,male,,P001,Wireless Mouse,Electronics,2.0,25.99,51.98,2024-12-20,Lake Christopher
O10674,C4677,Nathaniel Wright,Male,,P005,T-shirt,Clothing,1.0,15.0,15.0,2025-04-29,
O10675,C6698,Anthony Mccarthy,Female,,P004,Notebook,Books,4.0,7.5,30.0,2024-12-22,
O10676,C8004,Russell Nelson,Fmale,34.0,P001,Wireless Mouse,Electronics,5.0,25.99,129.95,2024-12-26,Donaldmouth
O10677,C9501,Brandon Kelly,male,,P001,Wireless Mouse,Electronics,1.0,25.99,25.99,2025-01-27,
O10678,C5495,Mark Decker,male,47.0,P005,T-shirt,Clothing,2.0,15.0,30.0,2024-11-25,Kelseyhaven
O10679,C1202,Michael Reed,Fmale,,P002,Bluetooth Headphones,Electronics,2.0,59.99,119.98,2025-04-24,Mooreshire
O10680,C6877,Natalie Adams,Fmale,34.0,P002,Bluetooth Headphones,Electronics,3.0,59.99,179.97,2025-02-25,
O10681,C6145,Thomas Holmes,Female,44.0,P008,Desk Lamp,Home,,18.5,,2025-03-20,
O10682,C3406,Jacqueline Gray,Female,,P002,Bluetooth Headphones,Electronics,4.0,59.99,239.96,2025-03-12,
O10683,C6199,Aimee Fisher,Male,32.0,P010,Pen Set,Books,,3.25,,2025-01-21,
O10684,C9854,Hunter Martin,Female,,P001,Wireless Mouse,Electronics,5.0,25.99,129.95,2025-03-04,
O10685,C4343,Joyce Johnston,Female,40.0,P001,Wireless Mouse,Electronics,5.0,25.99,129.95,2025-02-10,Port Andrew
O10686,C6350,Jake Morgan,Fmale,,P006,Water Bottle,Sports,5.0,12.0,60.0,2025-03-29,Wellsbury
O10687,C7034,Stephanie Hunter,Fmale,,P010,Pen Set,Books,3.0,3.25,9.75,2025-02-07,
O10688,C9326,Allen Hunt,Female,55.0,P001,Wireless Mouse,Electronics,3.0,25.99,77.97,2025-05-16,Schroedershire
O10689,C2285,William Walton,Fmale,,P010,Pen Set,Books,,3.25,,2024-12-13,
O10690,C9525,Ellen Cannon,male,52.0,P002,Bluetooth Headphones,Electronics,2.0,59.99,119.98,2025-04-22,
O10691,C4782,Matthew Gonzalez,Fmale,,P008,Desk Lamp,Home,3.0,18.5,55.5,2024-12-21,Stephenburgh
O10692,C6766,Dalton Davis,Male,62.0,P008,Desk Lamp,Home,3.0,18.5,55.5,2025-01-04,
O10693,C3052,Abigail Moore,Male,,P009,Backpack,Accessories,5.0,35.0,175.0,2024-12-07,
O10694,C2335,Susan Barnett,male,61.0,P009,Backpack,Accessories,2.0,35.0,70.0,2025-04-28,
O10695,C8439,Fernando Mcconnell,Female,,P007,USB Cable,Electronics,4.0,5.99,23.96,2025-02-03,
O10696,C1558,Kimberly Reed,Male,,P001,Wireless Mouse,Electronics,2.0,25.99,51.98,2025-03-28,
O10697,C6805,Jackie Morgan,Female,22.0,P007,USB Cable,Electronics,1.0,5.99,5.99,2025-04-26,
O10698,C2765,Maria Taylor,Female,,P003,Yoga Mat,Sports,4.0,20.0,80.0,2024-12-24,New Carolfurt
O10699,C8816,Matthew Simmons,Fmale,,P001,Wireless Mouse,Electronics,1.0,25.99,25.99,2025-01-12,
O10700,C8430,Tyler Fisher,Female,64.0,P003,Yoga Mat,Sports,,20.0,,2024-12-19,Paulfort
O10701,C9481,Bradley Parks,male,,P007,USB Cable,Electronics,3.0,5.99,17.97,2024-12-07,Flemingville
O10702,C4451,Carl Hunter,male,,P009,Backpack,Accessories,5.0,35.0,175.0,2025-03-31,
O10703,C8973,Anthony Coleman,Fmale,,P007,USB Cable,Electronics,5.0,5.99,29.95,2025-04-11,Smithfurt
O10704,C3310,Priscilla Joseph,Female,,P008,Desk Lamp,Home,2.0,18.5,37.0,2025-04-30,
O10705,C1422,Ms. Janet Leonard,Female,19.0,P002,Bluetooth Headphones,Electronics,2.0,59.99,119.98,2024-12-17,
O10706,C2795,Jose Mendez,Fmale,,P006,Water Bottle,Sports,2.0,12.0,24.0,2025-05-06,
O10707,C2908,Bryan Burns,male,,P002,Bluetooth Headphones,Electronics,4.0,59.99,239.96,2025-01-28,Grahammouth
O10708,C9402,Michael Wang,Female,64.0,P006,Water Bottle,Sports,1.0,12.0,12.0,2024-11-22,
O10709,C1583,Jeremy Evans,Fmale,,P002,Bluetooth Headphones,Electronics,,59.99,,2024-11-24,Guystad
O10710,C4065,Danielle Miller,Female,,P001,Wireless Mouse,Electronics,2.0,25.99,51.98,2024-12-06,West Jessicaside
O10711,C2102,Steven Reed MD,Female,30.0,P008,Desk Lamp,Home,3.0,$18.5,55.5,2025-03-17,
O10712,C4845,Samantha Carroll,Female,63.0,P008,Desk Lamp,Home,5.0,18.5,92.5,2024-11-25,Port Rebecca
O10713,C6851,Misty Burnett,Female,37.0,P006,Water Bottle,Sports,4.0,12.0,48.0,2024-12-07,
O10714,C7874,Mark Turner,Fmale,24.0,P009,Backpack,Accessories,4.0,35.0,140.0,2025-02-03,Huntland
O10715,C6694,Natalie Miller,Female,,P008,Desk Lamp,Home,3.0,18.5,55.5,2025-05-14,East Stephanieview
O10716,C9314,Whitney Gilbert,Female,,P007,USB Cable,Electronics,,5.99,,2025-03-02,
O10717,C7966,John Hodges,Male,,P004,Notebook,Books,4.0,7.5,30.0,2025-02-10,
O10718,C8334,Michael Jacobs,Male,,P007,USB Cable,Electronics,3.0,5.99,17.97,2025-05-13,
O10719,C3117,Daniel Casey,Female,52.0,P007,USB Cable,Electronics,2.0,5.99,11.98,2025-03-25,
O10720,C2039,Vanessa Flores,Male,64.0,P010,Pen Set,Books,5.0,3.25,16.25,2024-12-30,
O10721,C5754,Logan Chandler,Female,41.0,P001,Wireless Mouse,Electronics,5.0,25.99,129.95,2025-03-16,North Jenna
O10722,C1328,Karen Grant,Fmale,44.0,P003,Yoga Mat,Sports,3.0,20.0,60.0,2025-01-23,
O10040,C5051,Scott Porter,male,49.0,P009,Backpack,Accessories,1.0,35.0,35.0,2025-03-01,Luismouth
O10724,C2253,Matthew Duncan,Male,,P001,Wireless Mouse,Electronics,3.0,25.99,77.97,2024-12-03,Lake Peter
O10725,C7408,Paul Moreno,male,19.0,P002,Bluetooth Headphones,Electronics,5.0,59.99,299.95,2025-01-16,
O10726,C2633,Alyssa Weber,Fmale,,P004,Notebook,Books,5.0,7.5,37.5,2024-12-20,
O10727,C8919,Allison Mcpherson DDS,male,,P005,T-shirt,Clothing,,15.0,,2025-02-21,
O10728,C2774,Lawrence Atkinson,Female,42.0,P005,T-shirt,Clothing,,15.0,,2024-12-06,
O10729,C6446,Cassandra Moore,Male,43.0,P008,Desk Lamp,Home,2.0,18.5,37.0,2025-04-17,
O10730,C3315,Jennifer Greene,Male,24.0,P003,Yoga Mat,Sports,,20.0,,2025-01-19,Piercestad
O10731,C6535,Kim Perez,male,51.0,P007,USB Cable,Electronics,5.0,5.99,29.95,2025-02-04,Crystalmouth
O10732,C9007,Joanna Bradshaw,Fmale,,P003,Yoga Mat,Sports,1.0,20.0,20.0,2024-12-22,Shermanport
O10733,C2334,Pamela Douglas,Fmale,59.0,P009,Backpack,Accessories,4.0,35.0,140.0,2025-03-30,
O10734,C8169,Jennifer Fields,Male,42.0,P002,Bluetooth Headphones,Electronics,4.0,59.99,239.96,2025-03-18,South Bettychester
O10735,C9963,Angela Duncan,male,49.0,P002,Bluetooth Headphones,Electronics,1.0,59.99,59.99,2025-02-05,
O10736,C5441,Kaitlyn Davis,Male,36.0,P007,USB Cable,Electronics,4.0,5.99,23.96,2025-01-28,
O10737,C7082,Sharon Jefferson,Fmale,54.0,P009,Backpack,Accessories,3.0,35.0,105.0,2024-12-19,Lake Carolynfurt
O10738,C3217,Timothy Morse,Fmale,,P009,Backpack,Accessories,5.0,35.0,175.0,2025-01-19,Woodbury
O10739,C1091,Kenneth Stevens,male,,P003,Yoga Mat,Sports,5.0,20.0,100.0,2025-03-30,
O10740,C3563,Kathryn Rodriguez,Female,30.0,P005,T-shirt,Clothing,,15.0,,2025-03-15,
O10741,C6009,Nathan Jones,Female,40.0,P002,Bluetooth Headphones,Electronics,3.0,59.99,179.97,2025-04-12,Monicaburgh
O10742,C3921,Shannon Jones MD,male,34.0,P006,Water Bottle,Sports,5.0,12.0,60.0,2025-01-07,Lake Ericahaven
O10743,C8756,Jessica Carey,Male,,P005,T-shirt,Clothing,5.0,15.0,75.0,2024-11-29,
O10744,C8790,Mitchell Hunt,Male,32.0,P004,Notebook,Books,2.0,7.5,15.0,2025-03-24,Lisaton
O10745,C5957,Ryan Chang,Male,21.0,P001,Wireless Mouse,Electronics,3.0,25.99,77.97,2025-03-10,
O10746,C9552,Brenda Sanchez,Female,,P009,Backpack,Accessories,1.0,35.0,35.0,2025-02-19,
O10747,C8163,Angela Nolan,Male,56.0,P006,Water Bottle,Sports,5.0,12.0,60.0,2025-02-21,West Colton
O10748,C3916,Jeremy Cobb,male,,P009,Backpack,Accessories,4.0,35.0,140.0,2025-04-02,
O10749,C4129,Brittany Roberts,male,,P001,Wireless Mouse,Electronics,3.0,25.99,77.97,2024-12-30,
O10750,C6085,Mike Bradley,Female,65.0,P007,USB Cable,Electronics,3.0,$5.99,17.97,2025-01-16,Annaport
O10751,C7525,Robert Anderson,Fmale,34.0,P006,Water Bottle,Sports,1.0,12.0,12.0,2025-03-15,
O10752,C8446,Alyssa Lewis,Fmale,35.0,P001,Wireless Mouse,Electronics,,25.99,,2025-01-15,
O10753,C3898,Jordan Berg,male,65.0,P008,Desk Lamp,Home,2.0,18.5,37.0,2025-02-26,New Alexander
O10754,C9914,Maria Matthews,male,25.0,P003,Yoga Mat,Sports,1.0,20.0,20.0,2025-02-23,
O10755,C7000,Karina Jackson,Male,,P005,T-shirt,Clothing,2.0,15.0,30.0,2025-02-27,
O10756,C5368,Travis Peterson,male,44.0,P009,Backpack,Accessories,1.0,35.0,35.0,2025-01-17,Thompsonfurt
O10757,C1052,Monica Wilson,male,,P002,Bluetooth Headphones,Electronics,2.0,59.99,119.98,2024-12-26,
O10758,C8585,Susan Larsen,Fmale,,P005,T-shirt,Clothing,3.0,15.0,45.0,2025-05-01,
O10759,C3774,Jennifer Garcia,Male,29.0,P002,Bluetooth Headphones,Electronics,1.0,59.99,59.99,2025-01-20,Lake James
O10760,C4130,Kimberly Miller,Fmale,47.0,P001,Wireless Mouse,Electronics,2.0,25.99,51.98,2025-04-21,
O10761,C4084,Robert White,Male,,P003,Yoga Mat,Sports,3.0,20.0,60.0,2025-05-18,South Ashleybury
O10762,C6957,Andrew Lynch,Female,,P005,T-shirt,Clothing,2.0,15.0,30.0,2025-03-05,
O10763,C4451,Sylvia Escobar,male,58.0,P006,Water Bottle,Sports,,12.0,,2024-12-13,Christopherborough
O10764,C5406,Philip Woods,Fmale,,P007,USB Cable,Electronics,3.0,5.99,17.97,2024-12-07,
O10765,C4054,Bruce Miller,Female,34.0,P002,Bluetooth Headphones,Electronics,5.0,59.99,299.95,2024-12-26,
O10766,C6281,Adam Jordan,male,,P008,Desk Lamp,Home,2.0,18.5,37.0,2025-05-12,
O10767,C4065,Madison Campos,Fmale,18.0,P002,Bluetooth Headphones,Electronics,,59.99,,2024-11-18,
O10768,C8126,Christopher Hunter MD,Female,47.0,P006,Water Bottle,Sports,3.0,12.0,36.0,2025-03-23,Karenview
O10769,C4838,Donald Hoffman,Female,,P007,USB Cable,Electronics,4.0,5.99,23.96,2025-01-16,
O10032,C5924,Mr. William Ruiz,male,,P009,Backpack,Accessories,1.0,35.0,35.0,2024-12-19,
O10771,C2481,Anna Atkins,Female,54.0,P010,Pen Set,Books,,3.25,,2025-01-23,North Kathleen
O10772,C3819,Cindy Shaw,Fmale,,P005,T-shirt,Clothing,2.0,15.0,30.0,2025-01-19,East Kimberly
O10773,C7131,Christine Powers,Male,29.0,P005,T-shirt,Clothing,3.0,15.0,45.0,2025-01-19,Garciaport
O10774,C8738,Sarah Bishop,Female,40.0,P001,Wireless Mouse,Electronics,4.0,25.99,103.96,2024-12-18,
O10775,C6359,Rachel Chan,Female,,P007,USB Cable,Electronics,4.0,5.99,23.96,2025-01-09,Suefort
O10776,C1440,Elizabeth Thomas,male,,P005,T-shirt,Clothing,,15.0,,2025-01-21,
O10777,C7523,Jeffery Long,Female,,P004,Notebook,Books,5.0,7.5,37.5,2025-02-06,
O10778,C7292,Heather Trujillo,Female,,P002,Bluetooth Headphones,Electronics,,59.99,,2025-02-14,Port Shelbyton
O10779,C7909,Mitchell Phillips,Female,,P003,Yoga Mat,Sports,4.0,20.0,80.0,2025-01-29,
O10780,C7626,Justin Gonzalez,male,61.0,P003,Yoga Mat,Sports,2.0,20.0,40.0,2024-12-29,
O10781,C7581,Christopher Sharp,Fmale,,P001,Wireless Mouse,Electronics,2.0,25.99,51.98,2025-05-19,
O10782,C8377,Jeanette Moyer,Fmale,,P007,USB Cable,Electronics,1.0,5.99,5.99,2025-04-04,
O10783,C7947,Brian Bowman,male,,P009,Backpack,Accessories,3.0,35.0,105.0,2025-01-10,
O10784,C9436,Chad Brady,Male,27.0,P009,Backpack,Accessories,4.0,35.0,140.0,2025-01-20,
O10785,C7014,Laura Hoffman,male,45.0,P010,Pen Set,Books,,3.25,,2025-02-11,
O10786,C5378,Debbie Schmidt,Fmale,,P001,Wireless Mouse,Electronics,5.0,25.99,129.95,2025-01-13,
O10787,C6853,Melissa Stevenson,Fmale,44.0,P003,Yoga Mat,Sports,3.0,20.0,60.0,2025-05-02,
O10788,C9084,Cindy Morris,male,33.0,P001,Wireless Mouse,Electronics,5.0,25.99,129.95,2025-01-01,Rebeccamouth
O10789,C6350,Michele Scott,Fmale,47.0,P007,USB Cable,Electronics,3.0,5.99,17.97,2025-04-12,
O10790,C5947,Robert Yates,Female,56.0,P006,Water Bottle,Sports,1.0,12.0,12.0,2025-04-28,
O10791,C8101,Andrew Gordon,Male,,P007,USB Cable,Electronics,4.0,5.99,23.96,2025-04-22,
O10792,C8158,Gene Jones,Fmale,37.0,P002,Bluetooth Headphones,Electronics,2.0,59.99,119.98,2024-12-02,
O10793,C1082,Jose York,Female,35.0,P005,T-shirt,Clothing,,15.0,,2025-03-09,
O10794,C6212,Pamela Jordan,Male,44.0,P007,USB Cable,Electronics,2.0,5.99,11.98,2025-01-10,
O10795,C8547,Angel Holland,Female,,P002,Bluetooth Headphones,Electronics,2.0,59.99,119.98,2025-01-22,Hayesberg
O10021,C8280,Jennifer Carter,Fmale,,P010,Pen Set,Books,4.0,3.25,13.0,2025-03-19,
O10797,C2287,Chris Foley,male,31.0,P003,Yoga Mat,Sports,4.0,20.0,80.0,2025-03-11,
O10798,C6166,Laura Gomez,Fmale,23.0,P008,Desk Lamp,Home,5.0,18.5,92.5,2025-05-07,
O10799,C7805,Christopher Johnson,male,19.0,P008,Desk Lamp,Home,,18.5,,2025-03-14,
O10800,C2588,Erin Stewart,male,,P001,Wireless Mouse,Electronics,3.0,25.99,77.97,2025-01-01,
O10801,C7571,Devin Mayer,Female,,P007,USB Cable,Electronics,2.0,5.99,11.98,2024-12-30,East Kevin
O10802,C6206,Travis Johnson,Fmale,,P009,Backpack,Accessories,4.0,35.0,140.0,2025-05-05,
O10803,C3571,Craig Wise,male,,P009,Backpack,Accessories,5.0,35.0,175.0,2025-03-12,
O10804,C7850,Misty Martinez,Fmale,,P003,Yoga Mat,Sports,4.0,20.0,80.0,2025-04-13,
O10805,C2319,Heather Cowan,Female,58.0,P007,USB Cable,Electronics,4.0,5.99,23.96,2025-02-06,
O10806,C2490,Heather Scott,male,,P010,Pen Set,Books,5.0,3.25,16.25,2024-12-09,
O10807,C8736,Jennifer Mathews,male,53.0,P006,Water Bottle,Sports,1.0,12.0,12.0,2025-01-25,Smithfurt
O10808,C8268,Ryan Turner,Female,36.0,P004,Notebook,Books,3.0,7.5,22.5,2025-04-03,Sonyaland
O10809,C5011,Alexis Brandt,male,50.0,P004,Notebook,Books,2.0,7.5,15.0,2025-04-08,
O10810,C7313,Adam Stone,Male,18.0,P008,Desk Lamp,Home,,18.5,,2024-12-15,
O10811,C1388,Christine Singh,Fmale,63.0,P002,Bluetooth Headphones,Electronics,4.0,59.99,239.96,2025-01-13,
O10812,C9381,Christopher Stone,Male,,P008,Desk Lamp,Home,4.0,18.5,74.0,2024-12-17,
O10813,C3768,Christopher Jimenez,Male,24.0,P008,Desk Lamp,Home,4.0,18.5,74.0,2025-01-16,
O10814,C2213,Alyssa Johnson,Fmale,27.0,P006,Water Bottle,Sports,4.0,12.0,48.0,2024-11-23,
O10815,C5225,Amber Bennett,male,,P008,Desk Lamp,Home,,18.5,,2025-03-14,
O10816,C6942,Daniel Barnes,Male,26.0,P010,Pen Set,Books,3.0,3.25,9.75,2024-11-30,
O10817,C3106,Kimberly Taylor,Female,,P005,T-shirt,Clothing,3.0,15.0,45.0,2025-03-15,
O10818,C3430,Matthew Diaz,Fmale,,P003,Yoga Mat,Sports,5.0,20.0,100.0,2025-03-17,
O10819,C3553,Daniel Anderson,Fmale,,P010,Pen Set,Books,1.0,3.25,3.25,2025-05-19,
O10820,C9605,Michelle Campbell,Fmale,,P010,Pen Set,Books,5.0,3.25,16.25,2025-03-17,
O10821,C4675,Elizabeth Page,male,42.0,P008,Desk Lamp,Home,2.0,18.5,37.0,2025-02-15,
O10822,C1199,James Thomas,Male,59.0,P003,Yoga Mat,Sports,3.0,20.0,60.0,2025-04-09,
O10823,C5447,Rebecca Petty,Female,41.0,P009,Backpack,Accessories,2.0,35.0,70.0,2024-11-20,
O10824,C3993,Candice Morris,Male,,P009,Backpack,Accessories,5.0,35.0,175.0,2025-03-09,
O10825,C2043,Sean Arellano,male,29.0,P004,Notebook,Books,2.0,7.5,15.0,2025-02-04,
O10826,C2610,Kimberly Wilson,Fmale,21.0,P003,Yoga Mat,Sports,5.0,20.0,100.0,2025-01-11,Haneymouth
O10827,C2636,Robert Freeman,Fmale,58.0,P009,Backpack,Accessories,1.0,35.0,35.0,2025-03-04,Matthewburgh
O10828,C2827,Deborah Casey,Female,,P009,Backpack,Accessories,5.0,35.0,175.0,2025-02-08,
O10829,C3892,Sandra Martinez,Female,,P008,Desk Lamp,Home,,18.5,,2025-04-05,New Davidbury
O10830,C5510,Jeffrey Joyce,male,,P006,Water Bottle,Sports,5.0,12.0,60.0,2024-12-04,
O10831,C6229,Kayla Thomas,Fmale,,P009,Backpack,Accessories,5.0,35.0,175.0,2025-03-30,South Lori
O10832,C8261,Heather Burke,male,28.0,P009,Backpack,Accessories,4.0,35.0,140.0,2024-12-17,Port Alvin
O10833,C9690,Travis Schmidt,Female,30.0,P006,Water Bottle,Sports,,12.0,,2025-01-29,Port Amandaside
O10834,C7491,Shannon Perez,Fmale,57.0,P008,Desk Lamp,Home,1.0,18.5,18.5,2025-05-17,
O10835,C4747,Shannon Ramirez,Female,,P003,Yoga Mat,Sports,2.0,20.0,40.0,2025-02-03,
O10836,C8368,Stephanie Mcdonald,Fmale,41.0,P005,T-shirt,Clothing,4.0,15.0,60.0,2024-12-14,
O10837,C3292,Mary Clark,male,44.0,P005,T-shirt,Clothing,4.0,15.0,60.0,2025-04-09,
O10838,C1387,Rodney Duran,Male,63.0,P008,Desk Lamp,Home,3.0,18.5,55.5,2025-04-23,North Karinaberg
O10839,C2219,Jeanne Lee,male,38.0,P006,Water Bottle,Sports,4.0,12.0,48.0,2025-04-29,South Kristie
O10840,C7390,James Barber,Fmale,,P004,Notebook,Books,2.0,7.5,15.0,2025-03-11,
O10841,C7053,Paige Smith,Fmale,,P008,Desk Lamp,Home,2.0,18.5,37.0,2024-12-10,East Scott
O10842,C3486,Jeffrey Short,Male,48.0,P008,Desk Lamp,Home,3.0,18.5,55.5,2025-03-03,
O10843,C5271,Tiffany Williams,Fmale,54.0,P003,Yoga Mat,Sports,5.0,20.0,100.0,2025-04-29,
O10844,C6143,Christopher Mckinney,Fmale,62.0,P009,Backpack,Accessories,5.0,35.0,175.0,2025-05-05,Danielmouth
O10845,C5243,Ann Dennis,Female,,P006,Water Bottle,Sports,4.0,12.0,48.0,2025-03-14,
O10846,C1786,Tracey Fisher,Male,26.0,P005,T-shirt,Clothing,5.0,15.0,75.0,2025-03-21,
O10847,C9827,Margaret Murphy,Fmale,,P009,Backpack,Accessories,1.0,35.0,35.0,2025-03-27,Port Kaylaview
O10848,C2840,Micheal Washington,Fmale,58.0,P008,Desk Lamp,Home,3.0,18.5,55.5,2025-03-11,
O10849,C8060,Ashley Norman,Male,,P009,Backpack,Accessories,2.0,35.0,70.0,2025-04-04,
O10850,C8439,Joseph Schaefer,male,65.0,P005,T-shirt,Clothing,4.0,15.0,60.0,2025-01-31,
O10851,C1139,Autumn Gallagher,male,,P009,Backpack,Accessories,,35.0,,2025-01-27,
O10852,C4282,Richard Phelps,male,,P004,Notebook,Books,3.0,7.5,22.5,2025-03-09,Ochoaton
O10853,C1646,Allison Bradley,Female,30.0,P010,Pen Set,Books,3.0,3.25,9.75,2024-11-22,South Lisachester
O10854,C3675,Monica Atkinson,Fmale,,P003,Yoga Mat,Sports,5.0,20.0,100.0,2025-01-06,
O10855,C7145,Vincent Hill,Female,,P007,USB Cable,Electronics,3.0,5.99,17.97,2025-04-19,Lorettastad
O10856,C3042,Caitlyn Hansen,Female,42.0,P001,Wireless Mouse,Electronics,4.0,25.99,103.96,2025-05-04,
O10857,C6191,Carolyn Porter,Male,28.0,P002,Bluetooth Headphones,Electronics,2.0,59.99,119.98,2024-12-05,Joystad
O10858,C1118,Sara Perez,Female,,P007,USB Cable,Electronics,2.0,5.99,11.98,2025-04-27,
O10859,C5926,Emily Crawford,male,,P007,USB Cable,Electronics,4.0,5.99,23.96,2024-12-24,
O10860,C6296,Robert Huang,Male,,P004,Notebook,Books,,7.5,,2025-04-13,
O10861,C1638,Kevin Stout,Female,29.0,P001,Wireless Mouse,Electronics,2.0,25.99,51.98,2025-04-02,East Marcus
O10862,C3861,Luke Jones,Female,,P001,Wireless Mouse,Electronics,5.0,25.99,129.95,2024-12-06,
O10863,C7114,Brianna Peterson,Female,41.0,P009,Backpack,Accessories,2.0,35.0,70.0,2025-01-25,Lake Carlyfurt
O10864,C3364,Tyler Olsen,Fmale,19.0,P005,T-shirt,Clothing,5.0,15.0,75.0,2025-05-09,
O10865,C7879,Danny Mckenzie,male,56.0,P007,USB Cable,Electronics,1.0,5.99,5.99,2025-01-04,Christinaland
O10866,C1011,Danny Neal,male,,P002,Bluetooth Headphones,Electronics,1.0,59.99,59.99,2024-12-30,
O10867,C2579,Brianna Phillips,male,34.0,P005,T-shirt,Clothing,4.0,15.0,60.0,2024-11-22,
O10868,C2346,Yvette Lee,Female,26.0,P008,Desk Lamp,Home,4.0,18.5,74.0,2024-12-24,
O10869,C6384,Michelle Holden,male,36.0,P002,Bluetooth Headphones,Electronics,,59.99,,2025-04-23,Burtonfurt
O10870,C1560,Taylor Flores,Fmale,,P008,Desk Lamp,Home,,18.5,,2025-01-26,
O10050,C7500,Lauren Davis,Male,30.0,P007,USB Cable,Electronics,,5.99,,2025-05-15,Lake Dennisbury
O10872,C8407,Lindsey Cortez,male,,P006,Water Bottle,Sports,1.0,12.0,12.0,2025-04-06,Nicholsville
O10873,C6527,Julia Kim,Fmale,,P004,Notebook,Books,4.0,7.5,30.0,2025-03-12,South Joseph
O10874,C9504,Jerry Santos,Fmale,,P006,Water Bottle,Sports,2.0,12.0,24.0,2025-05-10,
O10875,C2820,Hector Blevins,Fmale,45.0,P005,T-shirt,Clothing,1.0,15.0,15.0,2025-01-10,
O10876,C9269,Katherine Padilla,Fmale,,P002,Bluetooth Headphones,Electronics,5.0,59.99,299.95,2024-12-13,
O10877,C3486,Michael Torres,Female,27.0,P003,Yoga Mat,Sports,4.0,20.0,80.0,2025-01-02,Lewismouth
O10878,C7135,Laurie Huffman,Male,,P010,Pen Set,Books,5.0,3.25,16.25,2025-03-16,
O10879,C4312,William Austin,Female,58.0,P003,Yoga Mat,Sports,1.0,20.0,20.0,2025-02-28,
O10880,C3230,Kyle Blake,male,,P005,T-shirt,Clothing,1.0,15.0,15.0,2024-12-22,
O10881,C1970,Bryan Davis DVM,Male,,P005,T-shirt,Clothing,1.0,15.0,15.0,2025-03-09,North Debra
O10882,C4168,Brenda Cooper,Female,48.0,P007,USB Cable,Electronics,2.0,5.99,11.98,2024-12-06,Ballardfurt
O10883,C3487,Kathryn Lopez,Male,,P004,Notebook,Books,3.0,7.5,22.5,2025-02-03,Michaelchester
O10884,C2681,Angela Hayes,Female,,P004,Notebook,Books,4.0,7.5,30.0,2024-12-06,
O10885,C3517,Mrs. Jacqueline Jackson,Female,,P010,Pen Set,Books,4.0,3.25,13.0,2025-02-28,
O10886,C7978,Taylor Elliott,Fmale,35.0,P002,Bluetooth Headphones,Electronics,,59.99,,2025-05-03,
O10887,C6940,Daniel Reed,male,36.0,P010,Pen Set,Books,2.0,3.25,6.5,2025-05-06,
O10888,C5519,Jeremiah Singleton,male,,P004,Notebook,Books,,7.5,,2025-04-16,
O10889,C4977,Amanda Williams,Fmale,,P005,T-shirt,Clothing,,15.0,,2025-03-02,
O10890,C8993,Michael Lawrence,Female,,P010,Pen Set,Books,4.0,3.25,13.0,2024-12-20,
O10891,C2615,Tamara Pace DVM,male,,P009,Backpack,Accessories,5.0,35.0,175.0,2025-03-04,South Jamesberg
O10892,C7451,Ana Sanchez,Male,,P010,Pen Set,Books,1.0,3.25,3.25,2024-12-15,
O10893,C1420,Amanda Brown,male,47.0,P001,Wireless Mouse,Electronics,3.0,25.99,77.97,2025-05-15,
O10894,C8481,Joseph Alvarado,Female,,P004,Notebook,Books,5.0,7.5,37.5,2025-01-19,Cochranshire
O10029,C5311,Chad Gallagher,Fmale,40.0,P005,T-shirt,Clothing,3.0,15.0,45.0,2025-01-13,
O10896,C2456,Alexander Garcia,Fmale,,P003,Yoga Mat,Sports,2.0,20.0,40.0,2025-03-06,
O10897,C9146,Dr. Dustin Sutton Jr.,Female,,P006,Water Bottle,Sports,3.0,12.0,36.0,2025-04-28,Lynchport
O10898,C3608,Nicole Duncan,Female,,P003,Yoga Mat,Sports,4.0,20.0,80.0,2024-12-21,
O10899,C5853,Walter Cruz,Male,25.0,P003,Yoga Mat,Sports,3.0,20.0,60.0,2025-01-25,
O10900,C7629,Kelly Thompson,Female,43.0,P009,Backpack,Accessories,5.0,35.0,175.0,2025-01-29,Port Marciachester
O10901,C5815,Michelle Jones,Fmale,,P005,T-shirt,Clothing,2.0,15.0,30.0,2024-12-27,
O10902,C5485,James Mccullough,Male,38.0,P010,Pen Set,Books,5.0,3.25,16.25,2024-12-10,
O10903,C3381,Suzanne Rivera,Female,62.0,P001,Wireless Mouse,Electronics,4.0,25.99,103.96,2024-12-22,Adambury
O10904,C7755,Jennifer Moore,Female,,P001,Wireless Mouse,Electronics,3.0,25.99,77.97,2025-03-14,
O10905,C5318,Jenny Duncan,male,,P003,Yoga Mat,Sports,5.0,20.0,100.0,2025-05-04,
O10906,C5045,Adam Colon,Fmale,,P007,USB Cable,Electronics,3.0,5.99,17.97,2025-01-30,
O10907,C6707,Katherine Greene,Female,,P009,Backpack,Accessories,5.0,35.0,175.0,2025-03-19,
O10908,C3807,Michael Jones,male,35.0,P009,Backpack,Accessories,2.0,35.0,70.0,2024-12-10,
O10909,C6806,Joshua Jackson,male,53.0,P001,Wireless Mouse,Electronics,5.0,25.99,129.95,2025-04-10,
O10910,C3184,Dustin Foley,Fmale,,P002,Bluetooth Headphones,Electronics,,59.99,,2025-01-07,
O10911,C7670,Kristen Jimenez,male,,P007,USB Cable,Electronics,2.0,5.99,11.98,2024-12-12,
O10912,C2163,Roy Lopez,Fmale,18.0,P003,Yoga Mat,Sports,5.0,20.0,100.0,2025-04-15,
O10913,C3938,Charles Harper,male,64.0,P010,Pen Set,Books,1.0,3.25,3.25,2024-11-25,
O10914,C7347,Keith Fry,male,64.0,P003,Yoga Mat,Sports,1.0,20.0,20.0,2025-01-23,
O10915,C5128,Steven Brown,male,,P007,USB Cable,Electronics,4.0,5.99,23.96,2025-01-30,Sandrastad
O10916,C6565,Mark Rogers,Female,,P008,Desk Lamp,Home,1.0,18.5,18.5,2025-04-07,West William
O10917,C9669,David Rice,Fmale,19.0,P008,Desk Lamp,Home,1.0,18.5,18.5,2025-03-06,
O10918,C2136,Brian Brown,Fmale,,P001,Wireless Mouse,Electronics,1.0,25.99,25.99,2025-02-26,East Amy
O10919,C7130,Charles Garcia,male,29.0,P003,Yoga Mat,Sports,2.0,20.0,40.0,2025-01-02,
O10920,C1635,Patricia Wilson,male,63.0,P010,Pen Set,Books,2.0,3.25,6.5,2024-12-31,
O10921,C2633,Susan Pineda,Fmale,36.0,P009,Backpack,Accessories,1.0,35.0,35.0,2025-03-23,
O10922,C8338,Paul Vega,Female,,P008,Desk Lamp,Home,2.0,18.5,37.0,2025-03-16,
O10923,C7623,Steven Gibson,Male,39.0,P002,Bluetooth Headphones,Electronics,,59.99,,2025-05-07,
O10924,C9715,Carrie Coffey,Male,48.0,P001,Wireless Mouse,Electronics,3.0,25.99,77.97,2025-01-06,
O10925,C7984,Elijah Williams,Female,,P009,Backpack,Accessories,4.0,35.0,140.0,2025-02-05,West Jody
O10926,C7370,Christine Sullivan,male,,P007,USB Cable,Electronics,4.0,5.99,23.96,2025-05-08,South David
O10927,C9893,James Cox,Fmale,61.0,P005,T-shirt,Clothing,4.0,15.0,60.0,2025-01-20,
O10928,C6763,Daniel Lee,Fmale,65.0,P003,Yoga Mat,Sports,,20.0,,2024-12-25,
O10929,C2616,Rebecca Brooks,male,65.0,P009,Backpack,Accessories,1.0,35.0,35.0,2025-01-16,
O10930,C1255,Matthew Evans,Female,,P008,Desk Lamp,Home,2.0,18.5,37.0,2025-04-28,South Donald
O10931,C6419,Steve Keller,Female,62.0,P001,Wireless Mouse,Electronics,50.0,25.99,1299.5,2025-05-18,
O10932,C5230,Daniel Bradley,Female,,P003,Yoga Mat,Sports,4.0,20.0,80.0,2024-12-21,Whitemouth
O10933,C5556,Margaret Andrews,Fmale,,P007,USB Cable,Electronics,,5.99,,2025-04-22,
O10049,C4653,Sean Anderson,Fmale,56.0,P004,Notebook,Books,4.0,7.5,30.0,2025-05-17,
O10935,C5202,Sherri Lowe,Male,25.0,P002,Bluetooth Headphones,Electronics,,59.99,,2025-04-19,
O10936,C4311,Brandon Huynh,Fmale,,P007,USB Cable,Electronics,3.0,5.99,17.97,2025-01-26,North Andrewton
O10937,C4746,Ryan Cox,male,30.0,P002,Bluetooth Headphones,Electronics,5.0,59.99,299.95,2025-05-13,
O10938,C8242,Michael Roberts,Female,23.0,P001,Wireless Mouse,Electronics,4.0,25.99,103.96,2024-12-07,Brandymouth
O10939,C5109,Thomas Ortiz,Female,,P010,Pen Set,Books,1.0,3.25,3.25,2025-03-07,East Frank
O10940,C4690,Stephanie Cherry,male,30.0,P003,Yoga Mat,Sports,3.0,20.0,60.0,2025-03-26,
O10941,C9659,Spencer Kennedy,Female,,P003,Yoga Mat,Sports,,20.0,,2025-02-18,South Colton
O10942,C1286,Sabrina Galvan,Female,,P005,T-shirt,Clothing,5.0,15.0,75.0,2025-03-11,Port Andrew
O10943,C1096,Theresa Knight,Female,,P010,Pen Set,Books,,3.25,,2025-05-08,
O10034,C8805,Chad Evans,Male,42.0,P007,USB Cable,Electronics,1.0,5.99,5.99,2025-02-02,Vanessastad
O10945,C5096,Maureen Nixon,male,,P010,Pen Set,Books,,3.25,,2025-01-19,
O10946,C3856,William Simpson,male,48.0,P006,Water Bottle,Sports,,12.0,,2025-03-18,
O10947,C9871,Cheryl Ramirez,Female,41.0,P007,USB Cable,Electronics,3.0,5.99,17.97,2025-02-27,
O10948,C8410,David Parker,Female,,P004,Notebook,Books,4.0,7.5,30.0,2025-02-13,South Lucasburgh
O10949,C5030,Olivia Ellis,male,,P008,Desk Lamp,Home,4.0,18.5,74.0,2024-12-03,
O10950,C9981,Tammy Smith,Female,54.0,P004,Notebook,Books,,7.5,,2025-03-09,
O10951,C7752,Andrew Powers,Fmale,,P007,USB Cable,Electronics,3.0,5.99,17.97,2025-04-02,West Oscarfort
O10952,C8257,Rachel Russell,Female,39.0,P001,Wireless Mouse,Electronics,2.0,25.99,51.98,2025-01-23,
O10953,C7584,Katherine Adams,Female,42.0,P001,Wireless Mouse,Electronics,,25.99,,2025-05-14,
O10954,C8973,Susan Hensley,Female,,P010,Pen Set,Books,2.0,3.25,6.5,2025-05-10,
O10003,C2473,Christopher Brown,Male,61.0,P006,Water Bottle,Sports,5.0,12.0,60.0,2025-03-09,North Lisaville
O10956,C6169,Nathaniel Doyle,Female,65.0,P006,Water Bottle,Sports,3.0,12.0,36.0,2025-01-23,Port Christopher
O10957,C3490,Erin Ortega,male,39.0,P010,Pen Set,Books,4.0,3.25,13.0,2025-03-16,
O10958,C5607,Tammy Lopez,Male,,P003,Yoga Mat,Sports,4.0,20.0,80.0,2025-04-06,North Janetborough
O10959,C3792,Mitchell Hughes,Female,46.0,P004,Notebook,Books,1.0,7.5,7.5,2025-03-19,North Ryanbury
O10960,C6633,Kathleen Mccarthy,Fmale,46.0,P001,Wireless Mouse,Electronics,5.0,25.99,129.95,2025-02-17,
O10961,C2818,Amy Lopez,Fmale,22.0,P006,Water Bottle,Sports,1.0,12.0,12.0,2024-11-19,Jessicashire
O10962,C7844,Joshua Kaufman,Fmale,36.0,P004,Notebook,Books,,$7.5,,2025-04-02,
O10020,C1852,Frank Braun,Fmale,,P003,Yoga Mat,Sports,3.0,20.0,60.0,2024-12-19,
O10964,C8505,Jason Davidson,Fmale,,P004,Notebook,Books,,7.5,,2024-12-30,
O10965,C8702,Kerry Pena,Male,26.0,P002,Bluetooth Headphones,Electronics,3.0,59.99,179.97,2025-03-30,
O10966,C7955,Arthur Cooper,Male,,P007,USB Cable,Electronics,4.0,5.99,23.96,2025-04-09,
O10967,C2364,Phillip Moran,Fmale,,P007,USB Cable,Electronics,,5.99,,2024-11-20,
O10008,C2753,Lisa Chung,Male,,P008,Desk Lamp,Home,,18.5,,2025-03-08,
O10969,C2235,Patrick Castillo,Female,41.0,P004,Notebook,Books,1.0,7.5,7.5,2025-02-23,Jessicamouth
O10970,C8549,Natasha Perez,Male,,P001,Wireless Mouse,Electronics,,25.99,,2024-12-21,
O10971,C2329,Erika Hogan,Male,57.0,P006,Water Bottle,Sports,,12.0,,2025-02-04,Lake Michaelmouth
O10005,C9672,Charles Christensen,Male,,P003,Yoga Mat,Sports,1.0,20.0,20.0,2025-02-07,
O10973,C2003,Seth Hernandez,Female,,P004,Notebook,Books,4.0,7.5,30.0,2025-01-28,
O10974,C4102,Tracy Robinson,Male,23.0,P008,Desk Lamp,Home,2.0,18.5,37.0,2024-11-21,South Laceyburgh
O10975,C5861,Alex Myers,Male,30.0,P002,Bluetooth Headphones,Electronics,,59.99,,2025-01-15,
O10976,C5123,Kathryn Graham,Fmale,,P010,Pen Set,Books,4.0,3.25,13.0,2025-05-02,
O10977,C8046,Tyrone Jones,Male,21.0,P005,T-shirt,Clothing,2.0,15.0,30.0,2025-01-19,
O10978,C2079,Tony Lara,male,18.0,P002,Bluetooth Headphones,Electronics,,59.99,,2025-02-06,
O10979,C9013,Gina Collins,Fmale,,P010,Pen Set,Books,3.0,3.25,9.75,2025-03-18,
O10980,C6314,Glenda Brooks,Female,32.0,P006,Water Bottle,Sports,5.0,12.0,60.0,2025-03-31,Carrberg
O10981,C3284,Alan Wood,male,46.0,P007,USB Cable,Electronics,4.0,5.99,23.96,2025-01-04,West Annette
O10982,C3474,Stephanie Schultz,Female,,P006,Water Bottle,Sports,4.0,12.0,48.0,2025-05-12,West Haley
O10983,C9148,Riley Hale,Female,24.0,P010,Pen Set,Books,2.0,3.25,6.5,2025-05-12,
O10984,C8128,Susan Erickson,Fmale,,P007,USB Cable,Electronics,2.0,5.99,11.98,2025-03-16,West Kimberly
O10985,C3317,John Smith MD,Male,40.0,P003,Yoga Mat,Sports,4.0,20.0,80.0,2024-12-06,Port Lori
O10986,C6089,John Morrison,male,,P004,Notebook,Books,5.0,7.5,37.5,2025-05-09,
O10987,C3099,Raven Hill,Male,56.0,P010,Pen Set,Books,4.0,3.25,13.0,2024-12-15,
O10988,C4824,Daniel Smith,male,22.0,P006,Water Bottle,Sports,5.0,12.0,60.0,2025-01-26,
O10989,C6272,Kari Edwards,male,,P006,Water Bottle,Sports,,12.0,,2025-05-08,
O10032,C7293,Thomas Jacobs,Female,,P010,Pen Set,Books,2.0,3.25,6.5,2025-01-14,
O10991,C5358,Diane Gibbs,Fmale,,P003,Yoga Mat,Sports,5.0,20.0,100.0,2025-02-08,
O10992,C5040,Allen Schneider,male,,P002,Bluetooth Headphones,Electronics,4.0,59.99,239.96,2025-02-07,
O10993,C6243,James Moore,Male,,P004,Notebook,Books,,7.5,,2025-02-12,
O10994,C4193,Craig Obrien,Female,59.0,P008,Desk Lamp,Home,3.0,18.5,55.5,2025-01-12,
O10995,C4346,Becky Parrish,Fmale,,P009,Backpack,Accessories,5.0,35.0,175.0,2025-03-05,
O10996,C8318,Jaime Johnson,Male,,P003,Yoga Mat,Sports,3.0,20.0,60.0,2025-02-10,Woodmouth
O10997,C8427,Paige Schneider,Female,,P007,USB Cable,Electronics,5.0,5.99,29.95,2025-01-19,
O10998,C3322,Timothy Taylor Jr.,Female,38.0,P005,T-shirt,Clothing,2.0,15.0,30.0,2024-12-19,New Brianberg
O10999,C1565,Gina Gutierrez,male,53.0,P006,Water Bottle,Sports,,12.0,,2025-04-12,
